setup,threads,wait_policy,instance,vertices,p,speedup,efficiency,karp_flatt,energy_ratio,net_energy_ratio,edp_ratio,cpu_util_mean,ghz_mean
1t,1,default,pmed1.txt,100,5,0.825352,0.825352,,1.21402,1.21653,1.47091,0.999818,3.7319
1t,1,default,pmed2.txt,100,10,0.923736,0.923736,,1.08297,1.08344,1.17238,0.999857,3.9631
1t,1,default,pmed3.txt,100,10,0.924052,0.924052,,1.08216,1.08213,1.1711,0.999844,3.9729
1t,1,default,pmed4.txt,100,20,0.964342,0.964342,,1.03665,1.03626,1.07498,0.999885,4.0826
1t,1,default,pmed5.txt,100,33,0.980285,0.980285,,1.0256,1.03202,1.04623,0.999833,4.1047
1t,1,default,pmed6.txt,200,5,0.906022,0.906022,,1.09515,1.0862,1.20875,0.999961,3.9452
1t,1,default,pmed7.txt,200,10,0.950583,0.950583,,1.05437,1.05704,1.10918,0.999941,4.0559
1t,1,default,pmed8.txt,200,20,0.976654,0.976654,,1.02305,1.02206,1.0475,0.99997,4.1166
1t,1,default,pmed9.txt,200,40,0.987249,0.987249,,1.0139,1.01505,1.027,0.99994,4.1387
1t,1,default,pmed10.txt,200,67,0.991429,0.991429,,1.00926,1.00999,1.01799,1.00001,4.1517
1t,1,default,pmed11.txt,300,5,0.924257,0.924257,,1.07187,1.06185,1.15971,1.00014,4.0068
1t,1,default,pmed12.txt,300,10,0.953353,0.953353,,1.055,1.06161,1.10662,1.00013,4.0925
1t,1,default,pmed13.txt,300,30,0.988698,0.988698,,1.00851,1.00516,1.02003,1.00017,4.1407
1t,1,default,pmed14.txt,300,60,0.993565,0.993565,,1.00646,1.00644,1.01298,1.00014,4.1484
1t,1,default,pmed15.txt,300,100,0.994207,0.994207,,1.00353,1.00083,1.00938,1.00015,4.1462
1t,1,default,pmed16.txt,400,5,0.938457,0.938457,,1.05833,1.05105,1.12773,1.00043,4.0503
1t,1,default,pmed17.txt,400,10,0.957639,0.957639,,1.04164,1.03887,1.08771,1.00045,4.1064
1t,1,default,pmed18.txt,400,40,0.992329,0.992329,,1.00558,1.0031,1.01335,1.00041,4.1462
1t,1,default,pmed19.txt,400,80,0.995827,0.995827,,1.00521,1.0064,1.00942,1.00041,4.1549
1t,1,default,pmed20.txt,400,133,0.999502,0.999502,,1.00043,1.00034,1.00093,1.00055,4.1649
1t,1,default,pmed21.txt,500,5,0.945832,0.945832,,1.04418,1.03163,1.10398,1.0008,4.0717
1t,1,default,pmed22.txt,500,10,0.963108,0.963108,,1.03877,1.03927,1.07856,1.00083,4.1164
1t,1,default,pmed23.txt,500,50,0.992745,0.992745,,1.00962,1.01228,1.01699,1.00088,4.1529
1t,1,default,pmed24.txt,500,100,0.998274,0.998274,,1.00435,1.00741,1.00608,1.00097,4.1619
1t,1,default,pmed25.txt,500,167,0.999374,0.999374,,1.00099,1.00142,1.00162,1.00096,4.1634
1t,1,default,pmed26.txt,600,5,0.956237,0.956237,,1.04091,1.03606,1.08855,1.00142,4.0886
1t,1,default,pmed27.txt,600,10,0.963958,0.963958,,1.03557,1.03363,1.07429,1.00151,4.1262
1t,1,default,pmed28.txt,600,60,0.995268,0.995268,,1.00485,1.00495,1.00962,1.00152,4.1537
1t,1,default,pmed29.txt,600,120,0.998037,0.998037,,1.0001,0.997922,1.00207,1.0015,4.1584
1t,1,default,pmed30.txt,600,200,0.999689,0.999689,,1.00285,1.00586,1.00316,1.00154,4.157
1t,1,default,pmed31.txt,700,5,0.956801,0.956801,,1.04233,1.03946,1.08939,1.00208,4.1007
1t,1,default,pmed32.txt,700,10,0.966665,0.966665,,1.04405,1.05436,1.08006,1.00213,4.1277
1t,1,default,pmed33.txt,700,70,0.997448,0.997448,,1.00521,1.00826,1.00778,1.00252,4.1592
1t,1,default,pmed34.txt,700,140,0.998471,0.998471,,0.997613,0.993062,0.999141,1.00223,4.1583
1t,1,default,pmed35.txt,800,5,0.959789,0.959789,,1.04121,1.04052,1.08484,1.00304,4.1086
1t,1,default,pmed36.txt,800,10,0.967808,0.967808,,1.03421,1.03523,1.06861,1.00301,4.1361
1t,1,default,pmed37.txt,800,80,0.997585,0.997585,,1.00077,0.998874,1.00319,1.00313,4.1612
1t,1,default,pmed38.txt,900,5,0.963162,0.963162,,1.03042,1.02241,1.06983,1.00404,4.1068
1t,1,default,pmed39.txt,900,10,0.968207,0.968207,,1.03175,1.03059,1.06563,1.00433,4.1346
1t,1,default,pmed40.txt,900,90,0.996141,0.996141,,1.00277,1.0015,1.00666,1.00434,4.1566
2t-active,2,active,pmed1.txt,100,5,1.11582,0.55791,0.792405,1.0525,1.21483,0.943257,1.99967,3.7064
2t-active,2,active,pmed2.txt,100,10,1.49442,0.747212,0.338309,0.806155,0.960232,0.539442,1.99988,3.9133
2t-active,2,active,pmed3.txt,100,10,1.51416,0.757081,0.320862,0.793075,0.941724,0.523772,1.99975,3.9119
2t-active,2,active,pmed4.txt,100,20,1.73338,0.866688,0.153817,0.689538,0.819595,0.3978,1.99978,4.0441
2t-active,2,active,pmed5.txt,100,33,1.79457,0.897286,0.114472,0.663836,0.78844,0.369913,1.99981,4.0849
2t-active,2,active,pmed6.txt,200,5,1.46739,0.733694,0.362966,0.844542,1.0149,0.575541,1.99993,3.8939
2t-active,2,active,pmed7.txt,200,10,1.6725,0.836248,0.195818,0.728383,0.874426,0.435507,2,4.0217
2t-active,2,active,pmed8.txt,200,20,1.82425,0.912125,0.096341,0.655847,0.779936,0.359516,1.99985,4.0953
2t-active,2,active,pmed9.txt,200,40,1.87922,0.939611,0.0642701,0.635662,0.756964,0.338258,1.99991,4.1309
2t-active,2,active,pmed10.txt,200,67,1.89457,0.947287,0.0556462,0.628094,0.746177,0.331522,1.99999,4.1454
2t-active,2,active,pmed11.txt,300,5,1.63045,0.815224,0.226656,0.767506,0.920711,0.470733,2.00013,3.9487
2t-active,2,active,pmed12.txt,300,10,1.84523,0.922613,0.083878,0.67069,0.810664,0.363473,2.00024,4.0619
2t-active,2,active,pmed13.txt,300,30,1.90465,0.952324,0.0500623,0.624681,0.738547,0.327977,2.00031,4.1321
2t-active,2,active,pmed14.txt,300,60,1.93167,0.965835,0.0353736,0.617765,0.73498,0.319809,2.00032,4.1476
2t-active,2,active,pmed15.txt,300,100,1.9405,0.970251,0.0306615,0.614176,0.73024,0.316504,2.0004,4.1557
2t-active,2,active,pmed16.txt,400,5,1.7277,0.863848,0.157611,0.735685,0.893116,0.425819,2.00076,3.9984
2t-active,2,active,pmed17.txt,400,10,1.88501,0.942504,0.0610034,0.680556,0.840272,0.361036,2.00089,4.0853
2t-active,2,active,pmed18.txt,400,40,1.93158,0.965789,0.0354233,0.623081,0.744047,0.322576,2.00091,4.1437
2t-active,2,active,pmed19.txt,400,80,1.9525,0.976248,0.0243304,0.611521,0.727418,0.3132,2.001,4.156
2t-active,2,active,pmed20.txt,400,133,1.95776,0.978878,0.0215782,0.609933,0.726331,0.311547,2.00111,4.1588
2t-active,2,active,pmed21.txt,500,5,1.7832,0.891598,0.121582,0.702972,0.839375,0.39422,2.00148,4.0263
2t-active,2,active,pmed22.txt,500,10,1.89217,0.946087,0.0569852,0.683612,0.849629,0.361284,2.00164,4.0902
2t-active,2,active,pmed23.txt,500,50,1.92682,0.96341,0.0379796,0.630192,0.75854,0.327063,2.00174,4.1467
2t-active,2,active,pmed24.txt,500,100,1.94728,0.973641,0.027073,0.615685,0.735155,0.316177,2.00186,4.1567
2t-active,2,active,pmed25.txt,500,167,1.95679,0.978396,0.022081,0.610739,0.727773,0.312112,2.00192,4.1573
2t-active,2,active,pmed26.txt,600,5,1.84824,0.92412,0.0821111,0.694243,0.847211,0.375624,2.00269,4.0409
2t-active,2,active,pmed27.txt,600,10,1.87481,0.937406,0.0667734,0.695921,0.868205,0.371195,2.0029,4.1022
2t-active,2,active,pmed28.txt,600,60,1.93738,0.968691,0.0323212,0.623126,0.746479,0.321633,2.00306,4.1493
2t-active,2,active,pmed29.txt,600,120,1.95792,0.978959,0.0214928,0.613214,0.732606,0.313197,2.00294,4.154
2t-active,2,active,pmed30.txt,600,200,1.96771,0.983853,0.0164118,0.610514,0.731576,0.310267,2.00305,4.1594
2t-active,2,active,pmed31.txt,700,5,1.9055,0.952749,0.0495949,0.680982,0.839777,0.357377,2.00418,4.0673
2t-active,2,active,pmed32.txt,700,10,1.90259,0.951294,0.0511994,0.690121,0.867404,0.362727,2.00435,4.112
2t-active,2,active,pmed33.txt,700,70,1.95649,0.978247,0.0222368,0.615514,0.735719,0.3146,2.00508,4.1579
2t-active,2,active,pmed34.txt,700,140,1.96152,0.980761,0.0196159,0.61194,0.730563,0.311972,2.00458,4.1593
2t-active,2,active,pmed35.txt,800,5,1.93655,0.968273,0.0327666,0.673308,0.834243,0.347685,2.00596,4.0683
2t-active,2,active,pmed36.txt,800,10,1.89211,0.946053,0.0570236,0.6933,0.870777,0.366417,2.00581,4.1149
2t-active,2,active,pmed37.txt,800,80,1.96365,0.981825,0.0185119,0.614975,0.736526,0.31318,2.00625,4.1627
2t-active,2,active,pmed38.txt,900,5,1.95423,0.977117,0.0234193,0.667019,0.825815,0.34132,2.00846,4.0811
2t-active,2,active,pmed39.txt,900,10,1.90147,0.950734,0.0518193,0.690919,0.868064,0.363361,2.00856,4.1219
2t-active,2,active,pmed40.txt,900,90,1.96331,0.981654,0.0186887,0.616562,0.740125,0.314043,2.0086,4.1596
4t-active,4,active,pmed1.txt,100,5,1.01301,0.253252,0.982876,1.30775,1.6407,1.29096,3.99971,3.9643
4t-active,4,active,pmed2.txt,100,10,1.7926,0.448149,0.410467,0.800181,1.07272,0.446381,3.99987,4.0186
4t-active,4,active,pmed3.txt,100,10,1.73997,0.434993,0.432963,0.803545,1.05998,0.461815,3.99983,4.0264
4t-active,4,active,pmed4.txt,100,20,2.50076,0.625189,0.199839,0.582071,0.792454,0.232758,3.99962,4.0787
4t-active,4,active,pmed5.txt,100,33,2.7964,0.699101,0.143469,0.529273,0.729939,0.189269,3.99983,4.1004
4t-active,4,active,pmed6.txt,200,5,1.68305,0.420761,0.458881,0.864729,1.1474,0.513788,3.99989,4.0024
4t-active,4,active,pmed7.txt,200,10,2.40479,0.601199,0.221115,0.637393,0.885389,0.265051,4.00011,4.0516
4t-active,4,active,pmed8.txt,200,20,2.98151,0.745377,0.113868,0.516923,0.726116,0.173377,3.99998,4.1052
4t-active,4,active,pmed9.txt,200,40,3.33437,0.833592,0.0665424,0.462459,0.652921,0.138695,4.00021,4.1363
4t-active,4,active,pmed10.txt,200,67,3.37988,0.84497,0.0611581,0.45323,0.638548,0.134097,4.00011,4.1458
4t-active,4,active,pmed11.txt,300,5,2.10662,0.526654,0.299593,0.692477,0.908887,0.328716,4.00043,4.0173
4t-active,4,active,pmed12.txt,300,10,2.8586,0.71465,0.133095,0.534914,0.736141,0.187124,4.00064,4.0764
4t-active,4,active,pmed13.txt,300,30,3.41951,0.854877,0.0565864,0.448389,0.626588,0.131127,4.00084,4.137
4t-active,4,active,pmed14.txt,300,60,3.57476,0.893691,0.0396516,0.427468,0.600494,0.119579,4.00078,4.1443
4t-active,4,active,pmed15.txt,300,100,3.62654,0.906636,0.0343263,0.418953,0.587106,0.115524,4.00087,4.1541
4t-active,4,active,pmed16.txt,400,5,2.5034,0.625849,0.199276,0.609762,0.820808,0.243574,4.00131,4.0354
4t-active,4,active,pmed17.txt,400,10,3.19762,0.799404,0.0836441,0.494275,0.687508,0.154576,4.00172,4.0847
4t-active,4,active,pmed18.txt,400,40,3.64398,0.910995,0.0325669,0.423308,0.594228,0.116166,4.00196,4.1418
4t-active,4,active,pmed19.txt,400,80,3.70755,0.926886,0.0262937,0.41606,0.586761,0.11222,4.00212,4.149
4t-active,4,active,pmed20.txt,400,133,3.74299,0.935746,0.0228886,0.408276,0.573941,0.109078,4.00222,4.1515
4t-active,4,active,pmed21.txt,500,5,2.66868,0.66717,0.166289,0.579042,0.775064,0.216977,4.00256,4.0524
4t-active,4,active,pmed22.txt,500,10,3.37979,0.844946,0.0611691,0.483293,0.683876,0.142995,4.00338,4.0926
4t-active,4,active,pmed23.txt,500,50,3.68982,0.922455,0.0280213,0.419344,0.590542,0.113649,4.00369,4.1527
4t-active,4,active,pmed24.txt,500,100,3.74923,0.937309,0.0222948,0.412447,0.582885,0.110008,4.00397,4.1554
4t-active,4,active,pmed25.txt,500,167,3.77193,0.942982,0.0201553,0.40817,0.576099,0.108213,4.00398,4.159
4t-active,4,active,pmed26.txt,600,5,2.95027,0.737568,0.118602,0.543188,0.747134,0.184115,4.00478,4.0539
4t-active,4,active,pmed27.txt,600,10,3.35774,0.839434,0.0637596,0.489287,0.69224,0.145719,4.00569,4.0916
4t-active,4,active,pmed28.txt,600,60,3.72796,0.93199,0.0243244,0.417852,0.590383,0.112086,4.00623,4.1541
4t-active,4,active,pmed29.txt,600,120,3.78032,0.945081,0.0193702,0.411056,0.581788,0.108736,4.00613,4.1584
4t-active,4,active,pmed30.txt,600,200,3.80656,0.951639,0.0169395,0.407083,0.577926,0.106943,4.00637,4.1554
4t-active,4,active,pmed31.txt,700,5,3.10216,0.775541,0.0964741,0.524348,0.729717,0.169026,4.00688,4.0647
4t-active,4,active,pmed32.txt,700,10,3.5038,0.875949,0.0472062,0.473744,0.676693,0.135209,4.00831,4.0971
4t-active,4,active,pmed33.txt,700,70,3.76139,0.940348,0.0211454,0.417916,0.593,0.111107,4.00988,4.1466
4t-active,4,active,pmed34.txt,700,140,3.80216,0.95054,0.0173447,0.410432,0.58166,0.107947,4.00904,4.1561
4t-active,4,active,pmed35.txt,800,5,3.26196,0.81549,0.0754187,0.505286,0.709085,0.154902,4.01075,4.0626
4t-active,4,active,pmed36.txt,800,10,3.53001,0.882502,0.0443808,0.47193,0.6751,0.133691,4.01124,4.1066
4t-active,4,active,pmed37.txt,800,80,3.77608,0.94402,0.0197666,0.425728,0.610727,0.112743,4.01188,4.1517
4t-active,4,active,pmed38.txt,900,5,3.33579,0.833947,0.0663722,0.497906,0.700481,0.149262,4.01441,4.0716
4t-active,4,active,pmed39.txt,900,10,3.60077,0.900192,0.0369581,0.467105,0.670421,0.129724,4.01662,4.1079
4t-active,4,active,pmed40.txt,900,90,3.79459,0.948646,0.0180446,0.424773,0.610594,0.111942,4.01693,4.1438
6t-active,6,active,pmed1.txt,100,5,0.966858,0.161143,1.04113,1.53647,2.05801,1.58914,5.99974,4.026
6t-active,6,active,pmed2.txt,100,10,1.85233,0.308722,0.447832,0.872847,1.24734,0.471215,5.99988,4.0487
6t-active,6,active,pmed3.txt,100,10,1.82958,0.30493,0.455889,0.874139,1.24123,0.477782,5.99983,4.0538
6t-active,6,active,pmed4.txt,100,20,2.91177,0.485296,0.21212,0.577467,0.847715,0.198322,5.99977,4.0789
6t-active,6,active,pmed5.txt,100,33,3.41759,0.569598,0.151125,0.500964,0.744516,0.146584,5.99991,4.1028
6t-active,6,active,pmed6.txt,200,5,1.76105,0.293508,0.481412,0.909229,1.26589,0.5163,6.00005,4.0393
6t-active,6,active,pmed7.txt,200,10,2.7096,0.4516,0.242869,0.62422,0.90983,0.230373,6.00009,4.0607
6t-active,6,active,pmed8.txt,200,20,3.75305,0.625509,0.11974,0.462427,0.688277,0.123214,6.00017,4.1009
6t-active,6,active,pmed9.txt,200,40,4.40566,0.734277,0.0723769,0.397146,0.596527,0.0901444,6.00042,4.1123
6t-active,6,active,pmed10.txt,200,67,4.52242,0.753736,0.0653448,0.387274,0.582944,0.0856342,6.00024,4.1248
6t-active,6,active,pmed11.txt,300,5,2.24984,0.374973,0.333371,0.709771,0.973394,0.315476,6.00041,4.045
6t-active,6,active,pmed12.txt,300,10,3.38846,0.564743,0.154144,0.511131,0.745973,0.150845,6.00062,4.0842
6t-active,6,active,pmed13.txt,300,30,4.56955,0.761592,0.0626079,0.391112,0.587962,0.085591,6.00106,4.1141
6t-active,6,active,pmed14.txt,300,60,4.97619,0.829364,0.0411485,0.358057,0.54206,0.0719542,6.00145,4.1313
6t-active,6,active,pmed15.txt,300,100,5.09959,0.849931,0.0353131,0.351262,0.533458,0.0688805,6.0013,4.1326
6t-active,6,active,pmed16.txt,400,5,2.81402,0.469004,0.226435,0.594805,0.83509,0.211372,6.00146,4.0478
6t-active,6,active,pmed17.txt,400,10,4.07765,0.679609,0.0942869,0.438987,0.645211,0.107657,6.00225,4.0788
6t-active,6,active,pmed18.txt,400,40,5.07861,0.846436,0.0362849,0.356395,0.539493,0.0701757,6.00272,4.1247
6t-active,6,active,pmed19.txt,400,80,5.27037,0.878394,0.0276882,0.343981,0.5239,0.065267,6.00313,4.1307
6t-active,6,active,pmed20.txt,400,133,5.36847,0.894745,0.0235275,0.338092,0.516332,0.0629774,6.00333,4.1344
6t-active,6,active,pmed21.txt,500,5,3.18449,0.530749,0.176826,0.53443,0.745882,0.167823,6.00308,4.0494
6t-active,6,active,pmed22.txt,500,10,4.35335,0.725558,0.07565,0.41629,0.615979,0.0956253,6.00449,4.0858
6t-active,6,active,pmed23.txt,500,50,5.2233,0.870551,0.0297396,0.351187,0.535555,0.0672347,6.00537,4.1295
6t-active,6,active,pmed24.txt,500,100,5.39246,0.898744,0.0225329,0.340058,0.520889,0.0630616,6.00586,4.1331
6t-active,6,active,pmed25.txt,500,167,5.42301,0.903836,0.0212791,0.336971,0.516074,0.0621373,6.00591,4.1289
6t-active,6,active,pmed26.txt,600,5,3.50147,0.583579,0.142713,0.503015,0.720126,0.143658,6.00559,4.0542
6t-active,6,active,pmed27.txt,600,10,4.40884,0.734807,0.0721805,0.422229,0.629364,0.0957688,6.00742,4.0844
6t-active,6,active,pmed28.txt,600,60,5.34843,0.891405,0.024365,0.34527,0.527821,0.0645553,6.00886,4.1286
6t-active,6,active,pmed29.txt,600,120,5.48092,0.913487,0.0189413,0.337595,0.518366,0.0615947,6.00893,4.1364
6t-active,6,active,pmed30.txt,600,200,5.53491,0.922484,0.0168059,0.334308,0.516105,0.0603999,6.00969,4.1301
6t-active,6,active,pmed31.txt,700,5,3.85523,0.642538,0.111266,0.474653,0.693518,0.123119,6.00859,4.0607
6t-active,6,active,pmed32.txt,700,10,4.75652,0.792753,0.0522853,0.404706,0.614259,0.0850845,6.01138,4.0865
6t-active,6,active,pmed33.txt,700,70,5.44346,0.907243,0.0204482,0.344464,0.529566,0.0632804,6.01413,4.1289
6t-active,6,active,pmed34.txt,700,140,5.49994,0.916656,0.0181844,0.339067,0.521702,0.0616492,6.01331,4.1298
6t-active,6,active,pmed35.txt,800,5,4.10806,0.684676,0.0921089,0.455884,0.673774,0.110973,6.01369,4.0566
6t-active,6,active,pmed36.txt,800,10,4.85051,0.808418,0.0473968,0.399982,0.608723,0.0824619,6.01576,4.0827
6t-active,6,active,pmed37.txt,800,80,5.47441,0.912402,0.0192016,0.348849,0.539917,0.0637236,6.01752,4.1281
6t-active,6,active,pmed38.txt,900,5,4.23435,0.705726,0.0833962,0.446244,0.66104,0.105387,6.01879,4.0661
6t-active,6,active,pmed39.txt,900,10,4.89784,0.816306,0.0450061,0.39915,0.608469,0.0814952,6.02277,4.0912
6t-active,6,active,pmed40.txt,900,90,5.54322,0.92387,0.0164807,0.348885,0.543053,0.062939,6.02466,4.1315
8t-active,8,active,pmed1.txt,100,5,0.830471,0.103809,1.2333,1.78364,2.38547,2.14775,7.99828,4.0503
8t-active,8,active,pmed2.txt,100,10,1.64392,0.20549,0.552346,0.971094,1.37911,0.590719,7.99682,4.0616
8t-active,8,active,pmed3.txt,100,10,1.68058,0.210072,0.53718,0.948958,1.34558,0.564661,7.99786,4.0649
8t-active,8,active,pmed4.txt,100,20,2.87411,0.359264,0.254781,0.586082,0.86108,0.203917,7.99849,4.0818
8t-active,8,active,pmed5.txt,100,33,3.46542,0.433178,0.186932,0.491952,0.72969,0.14196,7.99842,4.0914
8t-active,8,active,pmed6.txt,200,5,1.5401,0.192512,0.599211,1.02563,1.41879,0.665952,7.99885,4.0528
8t-active,8,active,pmed7.txt,200,10,2.58259,0.322824,0.299667,0.652698,0.949869,0.25273,7.99942,4.0645
8t-active,8,active,pmed8.txt,200,20,3.89016,0.48627,0.150925,0.449684,0.671672,0.115595,7.998,4.0858
8t-active,8,active,pmed9.txt,200,40,4.75974,0.594968,0.0972519,0.37795,0.574623,0.0794055,7.99878,4.0987
8t-active,8,active,pmed10.txt,200,67,4.96991,0.621238,0.0870984,0.357972,0.542581,0.0720279,7.99794,4.1046
8t-active,8,active,pmed11.txt,300,5,2.0153,0.251913,0.424233,0.786782,1.07553,0.390404,7.99854,4.0522
8t-active,8,active,pmed12.txt,300,10,3.39123,0.423904,0.194146,0.511475,0.746953,0.150823,7.99767,4.0718
8t-active,8,active,pmed13.txt,300,30,4.93306,0.616633,0.0888159,0.368594,0.558139,0.074719,8.00002,4.0922
8t-active,8,active,pmed14.txt,300,60,5.46395,0.682994,0.0663059,0.330669,0.503604,0.0605182,7.99938,4.1016
8t-active,8,active,pmed15.txt,300,100,5.68913,0.711141,0.0580273,0.317904,0.484792,0.0558793,7.99995,4.1119
8t-active,8,active,pmed16.txt,400,5,2.64272,0.330339,0.289598,0.621632,0.865722,0.235225,8.00007,4.0542
8t-active,8,active,pmed17.txt,400,10,4.06184,0.50773,0.138507,0.440089,0.646469,0.108347,7.99991,4.0718
8t-active,8,active,pmed18.txt,400,40,5.66126,0.707657,0.0590162,0.32599,0.497446,0.0575825,8.00251,4.0953
8t-active,8,active,pmed19.txt,400,80,5.93202,0.741502,0.049802,0.309233,0.473305,0.0521295,8.00308,4.1014
8t-active,8,active,pmed20.txt,400,133,6.02194,0.752742,0.0469251,0.30681,0.472053,0.0509487,8.00168,4.1113
8t-active,8,active,pmed21.txt,500,5,2.93755,0.367194,0.246193,0.564146,0.778781,0.192046,8.00115,4.0565
8t-active,8,active,pmed22.txt,500,10,4.46221,0.557777,0.113262,0.406555,0.601823,0.0911105,8.00172,4.0697
8t-active,8,active,pmed23.txt,500,50,5.76949,0.721186,0.0552292,0.324096,0.498114,0.0561742,8.00259,4.1041
8t-active,8,active,pmed24.txt,500,100,6.04404,0.755505,0.046231,0.31164,0.482618,0.0515616,8.00422,4.1097
8t-active,8,active,pmed25.txt,500,167,6.14195,0.767744,0.0432169,0.306248,0.474624,0.0498618,8.00612,4.1137
8t-active,8,active,pmed26.txt,600,5,3.40367,0.425459,0.192914,0.510969,0.727829,0.150123,8.00286,4.0581
8t-active,8,active,pmed27.txt,600,10,4.45825,0.557282,0.113489,0.413235,0.613501,0.0926899,8.0053,4.0708
8t-active,8,active,pmed28.txt,600,60,5.95686,0.744607,0.0489985,0.32329,0.502518,0.0542719,8.0086,4.106
8t-active,8,active,pmed29.txt,600,120,6.11447,0.764309,0.044053,0.312636,0.486351,0.0511304,8.00937,4.1096
8t-active,8,active,pmed30.txt,600,200,6.21352,0.77669,0.0410736,0.306731,0.479247,0.0493652,8.00956,4.1039
8t-active,8,active,pmed31.txt,700,5,3.78218,0.472773,0.159311,0.471986,0.683046,0.124792,8.00479,4.0554
8t-active,8,active,pmed32.txt,700,10,4.87305,0.609131,0.0916689,0.38943,0.587939,0.079915,8.00971,4.0727
8t-active,8,active,pmed33.txt,700,70,6.06609,0.758262,0.0455437,0.318874,0.496223,0.0525667,8.01397,4.106
8t-active,8,active,pmed34.txt,700,140,6.14367,0.767959,0.0431648,0.311153,0.483495,0.0506461,8.01319,4.1014
8t-active,8,active,pmed35.txt,800,5,4.01994,0.502493,0.14144,0.456019,0.668574,0.113439,8.01267,4.0612
8t-active,8,active,pmed36.txt,800,10,5.10723,0.638404,0.0809152,0.380681,0.579795,0.0745376,8.01498,4.0771
8t-active,8,active,pmed37.txt,800,80,6.08808,0.76101,0.0448633,0.32007,0.49922,0.0525733,8.01531,4.1039
8t-active,8,active,pmed38.txt,900,5,4.16184,0.520231,0.131746,0.442231,0.648716,0.106258,8.01693,4.0649
8t-active,8,active,pmed39.txt,900,10,5.17466,0.646832,0.0779995,0.377166,0.57461,0.0728872,8.02207,4.0766
8t-active,8,active,pmed40.txt,900,90,6.13151,0.766439,0.0435336,0.317542,0.495537,0.0517885,8.02447,4.097
12t-active,12,active,pmed1.txt,100,5,0.692172,0.057681,1.48516,2.16299,2.90893,3.12493,11.9824,4.0873
12t-active,12,active,pmed2.txt,100,10,1.43041,0.1192,0.671748,1.13927,1.6343,0.796465,11.9809,4.0935
12t-active,12,active,pmed3.txt,100,10,1.45949,0.121624,0.656549,1.10776,1.58133,0.759003,11.9812,4.0952
12t-active,12,active,pmed4.txt,100,20,2.74609,0.228841,0.30635,0.615673,0.90611,0.2242,11.9811,4.1031
12t-active,12,active,pmed5.txt,100,33,3.5472,0.2956,0.216632,0.484505,0.721313,0.136588,11.9813,4.1077
12t-active,12,active,pmed6.txt,200,5,1.36328,0.113606,0.709302,1.174,1.63419,0.861162,11.9812,4.0904
12t-active,12,active,pmed7.txt,200,10,2.43546,0.202955,0.357019,0.697195,1.01799,0.286269,11.9819,4.0958
12t-active,12,active,pmed8.txt,200,20,4.1406,0.34505,0.172557,0.442392,0.673893,0.106842,11.9832,4.0979
12t-active,12,active,pmed9.txt,200,40,5.46254,0.455211,0.108798,0.33949,0.522772,0.0621487,11.9807,4.0961
12t-active,12,active,pmed10.txt,200,67,5.92634,0.493861,0.093169,0.319424,0.496879,0.053899,11.9835,4.1058
12t-active,12,active,pmed11.txt,300,5,1.84879,0.154066,0.499158,0.858587,1.17428,0.464405,11.9823,4.0883
12t-active,12,active,pmed12.txt,300,10,3.42969,0.285808,0.227169,0.518234,0.764657,0.151102,11.9825,4.0917
12t-active,12,active,pmed13.txt,300,30,5.86593,0.488827,0.0950647,0.322651,0.496537,0.0550043,11.9819,4.0932
12t-active,12,active,pmed14.txt,300,60,6.94107,0.578422,0.0662583,0.277301,0.433347,0.0399508,11.983,4.0961
12t-active,12,active,pmed15.txt,300,100,7.33951,0.611626,0.0577261,0.262883,0.411576,0.0358175,11.983,4.0952
12t-active,12,active,pmed16.txt,400,5,2.44978,0.204148,0.354401,0.67548,0.9437,0.275731,11.9836,4.0863
12t-active,12,active,pmed17.txt,400,10,4.3113,0.359275,0.162126,0.419353,0.618824,0.0972682,11.9832,4.0825
12t-active,12,active,pmed18.txt,400,40,7.06991,0.589159,0.063394,0.274772,0.427833,0.0388649,11.9848,4.0992
12t-active,12,active,pmed19.txt,400,80,7.69098,0.640915,0.0509336,0.256928,0.40496,0.0334064,11.9843,4.0947
12t-active,12,active,pmed20.txt,400,133,7.96621,0.663851,0.046033,0.248999,0.393954,0.0312569,11.9838,4.0922
12t-active,12,active,pmed21.txt,500,5,2.8889,0.240742,0.286712,0.578658,0.801715,0.200304,11.9835,4.0857
12t-active,12,active,pmed22.txt,500,10,4.94723,0.412269,0.1296,0.383026,0.576628,0.0774224,11.9879,4.0866
12t-active,12,active,pmed23.txt,500,50,7.53454,0.627878,0.0538787,0.262458,0.412197,0.0348339,11.9868,4.0896
12t-active,12,active,pmed24.txt,500,100,8.10445,0.675371,0.043697,0.25122,0.400727,0.0309977,11.991,4.0995
12t-active,12,active,pmed25.txt,500,167,8.28715,0.690596,0.0407295,0.24429,0.389408,0.0294782,11.9898,4.0918
12t-active,12,active,pmed26.txt,600,5,3.43826,0.286521,0.226376,0.510487,0.729816,0.148473,11.9868,4.0741
12t-active,12,active,pmed27.txt,600,10,4.90369,0.408641,0.131558,0.383332,0.573497,0.078172,11.9621,4.0766
12t-active,12,active,pmed28.txt,600,60,7.92535,0.660446,0.046739,0.259068,0.412319,0.0326886,11.9905,4.089
12t-active,12,active,pmed29.txt,600,120,8.25476,0.687896,0.0412461,0.250138,0.400441,0.0303023,11.9893,4.091
12t-active,12,active,pmed30.txt,600,200,8.52773,0.710644,0.0370159,0.243196,0.392211,0.0285183,11.9946,4.0985
12t-active,12,active,pmed31.txt,700,5,3.99174,0.332645,0.182383,0.460535,0.674065,0.115372,11.9917,4.071
12t-active,12,active,pmed32.txt,700,10,5.78127,0.481773,0.097788,0.342758,0.525714,0.0592877,11.9947,4.08
12t-active,12,active,pmed33.txt,700,70,8.1683,0.680691,0.042645,0.257438,0.412899,0.0315168,12.0002,4.0941
12t-active,12,active,pmed34.txt,700,140,8.42329,0.701941,0.0386019,0.249605,0.401626,0.0296328,12.0027,4.0878
12t-active,12,active,pmed35.txt,800,5,4.24623,0.353852,0.166003,0.4427,0.655191,0.104257,11.9952,4.0761
12t-active,12,active,pmed36.txt,800,10,6.14487,0.512072,0.0866227,0.329392,0.508877,0.0536044,12.0042,4.0724
12t-active,12,active,pmed37.txt,800,80,8.34854,0.695711,0.0397616,0.25977,0.420723,0.0311156,12.0092,4.0947
12t-active,12,active,pmed38.txt,900,5,4.52118,0.376765,0.15038,0.41971,0.622695,0.0928319,12.0006,4.0758
12t-active,12,active,pmed39.txt,900,10,6.26067,0.521722,0.0833389,0.326162,0.504837,0.052097,12.0102,4.0781
12t-active,12,active,pmed40.txt,900,90,8.45955,0.704963,0.0380468,0.262269,0.42829,0.0310028,12.0172,4.0925
