setup,threads,wait_policy,instance,vertices,p,reps,ofv,decodes,time_mean,time_sd,joules_mean,joules_sd,net_joules_mean,watts_mean,ghz_mean,cpu_util_mean,uj_per_decode,decodes_per_s,temp_start,temp_end,time_cv_pct,joules_cv_pct,gap_pct
seq,0,default,pmed1.txt,100,5,10,15008,18737429,56.5225,0.221326,1598.54,15.4916,784.166,28.2818,4.1665,0.999844,85.3128,331508,42.6625,61.8125,0.391572,0.969109,0
seq,0,default,pmed2.txt,100,10,10,39421,7823093,56.3142,0.121336,1532.82,13.864,721.447,27.2191,4.163,0.999874,195.936,138919,42.9875,57.0875,0.215462,0.904479,0
seq,0,default,pmed3.txt,100,10,10,43354,8005511,59.8409,0.236963,1631.55,12.0417,769.362,27.2649,4.1606,0.999865,203.803,133782,42.9375,57.0125,0.395988,0.738055,0.0207636
seq,0,default,pmed4.txt,100,20,10,95489,3247925,56.8882,0.422264,1529.46,14.5066,709.811,26.8853,4.1649,0.999873,470.903,57095.9,42.975,53.9125,0.74227,0.948484,0.0502929
seq,0,default,pmed5.txt,100,33,10,117405,1993199,55.6339,0.18038,1487.33,6.84393,685.753,26.7344,4.1642,0.999862,746.2,35827.4,42.9375,53.525,0.324226,0.46015,0.173205
seq,0,default,pmed6.txt,200,5,10,19103,8844585,58.8157,0.418638,1658.54,35.8547,811.12,28.1996,4.1577,0.9999,187.52,150385,42.9375,61.55,0.711779,2.16183,0
seq,0,default,pmed7.txt,200,10,10,45052,4069590,58.1085,0.29717,1585.2,18.2733,747.972,27.2794,4.1533,0.999909,389.523,70036,42.9375,57.2625,0.511406,1.15275,0.164525
seq,0,default,pmed8.txt,200,20,10,101029,1598045,55.2029,0.406866,1485.52,18.6732,690.161,26.9095,4.1648,0.999924,929.588,28950,42.95,54.025,0.737037,1.25701,0.0257418
seq,0,default,pmed9.txt,200,40,10,198237,804254,56.0074,0.262983,1495.66,9.57661,688.708,26.7048,4.1668,0.999989,1859.69,14360.1,42.975,53.0875,0.46955,0.640292,0.338618
seq,0,default,pmed10.txt,200,67,10,266370,514301,55.4557,0.194462,1477.48,10.4588,678.474,26.6427,4.1657,0.999977,2872.79,9274.19,42.975,53.05,0.350662,0.707879,0.669695
seq,0,default,pmed11.txt,300,5,10,17749,5948757,58.7811,0.265851,1699.21,34.7381,852.289,28.9069,4.1613,1.00014,285.641,101204,42.95,62.375,0.452273,2.04437,0.197584
seq,0,default,pmed12.txt,300,10,10,53140,2421807,57.9687,0.217227,1603.46,14.6928,768.242,27.6605,4.1646,1.00016,662.091,41778.4,42.975,57.175,0.374732,0.916319,0.109265
seq,0,default,pmed13.txt,300,30,10,149739,715138,56.6414,0.238001,1530.29,15.7904,714.197,27.0167,4.1593,1.00012,2139.85,12625.9,42.95,53.8,0.420188,1.03186,0.278591
seq,0,default,pmed14.txt,300,60,10,349693,369988,57.1923,0.22665,1527.58,9.79109,703.549,26.7096,4.1633,1.00017,4128.72,6469.28,42.95,52.9125,0.396295,0.640956,1.44645
seq,0,default,pmed15.txt,300,100,10,558328,219499,52.7894,0.174789,1408.35,9.55142,647.757,26.6786,4.1612,1.00016,6416.19,4158.05,42.9625,52.85,0.331106,0.6782,5.17345
seq,0,default,pmed16.txt,400,5,10,18964,4015241,56.751,0.319027,1632.47,29.4738,814.801,28.7642,4.1567,1.00047,406.568,70753.9,42.95,61.6125,0.562152,1.80547,0
seq,0,default,pmed17.txt,400,10,10,53504,1719404,56.5591,0.263954,1580.51,11.3237,765.605,27.9443,4.1595,1.00041,919.219,30400.7,42.975,57.675,0.466687,0.716461,0.189128
seq,0,default,pmed18.txt,400,40,10,244328,384192,55.105,0.138056,1485.54,11.2878,691.59,26.9583,4.1615,1.00047,3866.67,6972.04,42.95,53.5625,0.250533,0.759845,0.79039
seq,0,default,pmed19.txt,400,80,10,494003,205753,54.4998,0.105787,1458.4,6.74472,673.167,26.7599,4.1589,1.00044,7088.11,3775.31,42.95,52.7625,0.194105,0.462474,4.42625
seq,0,default,pmed20.txt,400,133,10,905518,123586,52.757,0.20681,1407.58,11.9358,647.452,26.6803,4.1672,1.00055,11389.4,2342.58,43,53.075,0.392004,0.847967,6.7025
seq,0,default,pmed21.txt,500,5,10,21646,3241637,58.9717,0.184013,1735.32,51.8137,885.652,29.4253,4.158,1.00083,535.321,54969.8,42.9625,62.0125,0.312036,2.98584,0.12489
seq,0,default,pmed22.txt,500,10,10,62699,1289649,55.1003,0.184016,1535.66,5.82552,741.774,27.8703,4.1625,1.00091,1190.76,23405.7,42.9625,56.9875,0.333965,0.37935,0.0782123
seq,0,default,pmed23.txt,500,50,10,325222,255365,56.1406,0.165118,1509.69,8.25052,700.814,26.8912,4.1629,1.00089,5911.88,4548.7,42.9375,53.0625,0.294116,0.546505,3.39969
seq,0,default,pmed24.txt,500,100,10,692253,131964,53.3816,0.160847,1426.73,9.85699,657.609,26.7272,4.1601,1.00095,10811.5,2472.11,42.9625,52.65,0.301315,0.69088,8.02241
seq,0,default,pmed25.txt,500,167,10,1.14876e+06,82563,53.177,0.175361,1418.85,13.2584,652.68,26.6815,4.1639,1.00096,17185.1,1552.62,42.95,52.825,0.329768,0.934441,9.63201
seq,0,default,pmed26.txt,600,5,10,22734,2504589,56.275,0.183174,1622.78,34.0104,811.966,28.8373,4.1631,1.00146,647.921,44506.7,42.975,61.1875,0.325499,2.09582,0
seq,0,default,pmed27.txt,600,10,10,57828,1139277,54.2177,0.165687,1518.13,12.5277,736.96,28.0003,4.1645,1.00156,1332.54,21013.2,42.975,58.2125,0.305596,0.825208,0.213153
seq,0,default,pmed28.txt,600,60,10,384219,177084,54.1967,0.113286,1457.99,8.33734,677.124,26.902,4.1652,1.00157,8233.32,3267.44,42.975,53.375,0.209028,0.571838,5.35525
seq,0,default,pmed29.txt,600,120,10,860281,97868,55.7163,0.180978,1491.72,5.10849,688.96,26.7737,4.1605,1.00146,15242.2,1756.56,42.9625,52.925,0.32482,0.342456,9.86832
seq,0,default,pmed30.txt,600,200,10,1.60208e+06,58534,53.6991,0.205957,1427.55,7.64685,653.849,26.5843,4.1603,1.00156,24388.3,1090.05,42.9625,52.7,0.383539,0.535664,9.27028
seq,0,default,pmed31.txt,700,5,10,23386,2118281,58.7097,0.268416,1677.87,35.8425,831.979,28.5777,4.1622,1.00213,792.09,36081.3,42.975,60.6875,0.457192,2.13619,0
seq,0,default,pmed32.txt,700,10,10,67115,947083,56.4304,0.20667,1567.57,4.63537,754.523,27.779,4.1599,1.00225,1655.16,16783.4,42.9625,56.825,0.366239,0.295703,0.0626183
seq,0,default,pmed33.txt,700,70,10,519852,123045,50.6998,0.167406,1364.89,7.0879,634.408,26.9213,4.1629,1.00247,11092.6,2426.96,42.9875,53.1625,0.33019,0.519302,8.09442
seq,0,default,pmed34.txt,700,140,10,1.04763e+06,72307,55.2408,0.223612,1481.17,11.1848,685.264,26.8129,4.1613,1.00232,20484.5,1308.96,42.95,53.2,0.404795,0.755128,8.89024
seq,0,default,pmed35.txt,800,5,10,23810,1794217,56.7865,0.18659,1615.97,24.4139,797.794,28.4576,4.161,1.00313,900.657,31596.1,42.9375,60.525,0.328582,1.51079,0
seq,0,default,pmed36.txt,800,10,10,70897,828249,57.1448,0.212611,1587.82,10.1589,764.482,27.7859,4.1603,1.00306,1917.09,14494,42.95,56.95,0.372057,0.6398,0.129934
seq,0,default,pmed37.txt,800,80,10,676372,107894,56.4286,0.144286,1520.15,11.5493,707.127,26.9392,4.1643,1.00309,14089.3,1912.06,42.95,53.35,0.255697,0.75975,8.30322
seq,0,default,pmed38.txt,900,5,10,25560,1572905,56.7738,0.244136,1618.04,25.4592,800.038,28.4997,4.1668,1.00424,1028.69,27705.2,42.975,61.025,0.430016,1.57347,0.26675
seq,0,default,pmed39.txt,900,10,10,66233,702891,53.8718,0.194257,1499.19,9.55386,723.009,27.8289,4.1586,1.00449,2132.9,13047.6,42.975,57.3,0.360592,0.637267,0.157268
seq,0,default,pmed40.txt,900,90,10,775798,84207,54.8568,0.158074,1476.2,12.2497,685.825,26.9099,4.1632,1.0044,17530.6,1535.04,42.9625,53.3625,0.288157,0.829814,9.78999
1t,1,default,pmed1.txt,100,5,10,15008,18737429,68.4829,0.44744,1940.66,69.8147,953.962,28.3348,3.7319,0.999818,103.572,273618,42.975,60.8625,0.653361,3.59747,0
1t,1,default,pmed2.txt,100,10,10,39421,7823093,60.9635,0.167395,1660,10.1703,781.641,27.2297,3.9631,0.999857,212.193,128325,42.65,56.8375,0.274582,0.61267,0
1t,1,default,pmed3.txt,100,10,10,43354,8005511,64.7592,0.092694,1765.6,10.5683,832.548,27.2642,3.9729,0.999844,220.548,123620,42.9875,57.1375,0.143136,0.598567,0.0207636
1t,1,default,pmed4.txt,100,20,10,95489,3247925,58.9917,0.177884,1585.5,7.21621,735.552,26.8768,4.0826,0.999885,488.159,55057.8,42.6375,53.7625,0.301541,0.455137,0.0502929
1t,1,default,pmed5.txt,100,33,10,117405,1993199,56.7528,0.18301,1525.41,18.118,707.712,26.8779,4.1047,0.999833,765.306,35121,42.9625,54.075,0.322468,1.18775,0.173205
1t,1,default,pmed6.txt,200,5,10,19103,8844585,64.9164,0.531304,1816.35,22.4817,881.036,27.98,3.9452,0.999961,205.363,136254,42.975,60.2125,0.818443,1.23774,0
1t,1,default,pmed7.txt,200,10,10,45052,4069590,61.1293,0.334802,1671.39,17.6381,790.638,27.3416,4.0559,0.999941,410.702,66575.3,42.975,57.45,0.547696,1.0553,0.164525
1t,1,default,pmed8.txt,200,20,10,101029,1598045,56.5225,0.291049,1519.76,13.6165,705.382,26.888,4.1166,0.99997,951.011,28273.4,42.95,53.95,0.514926,0.895966,0.0257418
1t,1,default,pmed9.txt,200,40,10,198237,804254,56.7308,0.137253,1516.45,9.56955,699.074,26.7309,4.1387,0.99994,1885.54,14176.7,42.975,53.5,0.241937,0.631049,0.338618
1t,1,default,pmed10.txt,200,67,10,266370,514301,55.9351,0.194077,1491.17,6.99079,685.253,26.659,4.1517,1.00001,2899.4,9194.7,42.9875,53.4,0.346968,0.468814,0.669695
1t,1,default,pmed11.txt,300,5,10,17749,5948757,63.5982,0.224467,1821.33,33.0403,905.008,28.6378,4.0068,1.00014,306.17,93537.6,42.975,62.025,0.352945,1.81408,0.197584
1t,1,default,pmed12.txt,300,10,10,53140,2421807,60.8051,0.301229,1691.65,33.9665,815.572,27.8215,4.0925,1.00013,698.508,39829.9,42.9625,57.325,0.4954,2.00789,0.109265
1t,1,default,pmed13.txt,300,30,10,149739,715138,57.2889,0.169488,1543.3,12.995,717.884,26.939,4.1407,1.00017,2158.05,12483.1,42.95,53.4125,0.295847,0.842027,0.278591
1t,1,default,pmed14.txt,300,60,10,349693,369988,57.5627,0.154089,1537.45,8.81637,708.082,26.7091,4.1484,1.00014,4155.39,6427.61,42.95,52.925,0.267689,0.573443,1.44645
1t,1,default,pmed15.txt,300,100,10,558328,219499,53.097,0.209159,1413.32,7.89689,648.298,26.6177,4.1462,1.00015,6438.84,4133.98,42.975,52.975,0.393919,0.558748,5.17345
1t,1,default,pmed16.txt,400,5,10,18964,4015241,60.4727,0.13815,1727.69,30.3645,856.398,28.5701,4.0503,1.00043,430.283,66397.9,42.9625,61.1125,0.22845,1.75752,0
1t,1,default,pmed17.txt,400,10,10,53504,1719404,59.061,0.149521,1646.32,3.48016,795.364,27.8749,4.1064,1.00045,957.492,29112.5,42.9375,56.9875,0.253164,0.211391,0.189128
1t,1,default,pmed18.txt,400,40,10,244328,384192,55.531,0.155047,1493.83,13.3909,693.736,26.9008,4.1462,1.00041,3888.23,6918.56,42.975,53.525,0.279208,0.896416,0.79039
1t,1,default,pmed19.txt,400,80,10,494003,205753,54.7282,0.12907,1466,8.43307,677.475,26.787,4.1549,1.00041,7125.04,3759.56,42.95,53.25,0.235838,0.575244,4.42625
1t,1,default,pmed20.txt,400,133,10,905518,123586,52.7833,0.197171,1408.18,8.47034,647.675,26.6785,4.1649,1.00055,11394.3,2341.41,42.9625,52.825,0.373547,0.601511,6.7025
1t,1,default,pmed21.txt,500,5,10,21646,3241637,62.349,0.140918,1811.99,48.3186,913.664,29.0622,4.0717,1.0008,558.973,51992,42.975,61.5375,0.226016,2.66661,0.12489
1t,1,default,pmed22.txt,500,10,10,62699,1289649,57.2109,0.19142,1595.2,7.58228,770.903,27.8829,4.1164,1.00083,1236.92,22542.2,42.675,56.8625,0.334586,0.475319,0.0782123
1t,1,default,pmed23.txt,500,50,10,325222,255365,56.5509,0.116817,1524.21,9.0055,709.42,26.9528,4.1529,1.00088,5968.73,4515.68,42.95,53.475,0.20657,0.590832,3.39969
1t,1,default,pmed24.txt,500,100,10,692253,131964,53.4739,0.17998,1432.93,7.4843,662.482,26.797,4.1619,1.00097,10858.5,2467.85,42.9625,53.25,0.336575,0.522306,8.02241
1t,1,default,pmed25.txt,500,167,10,1.14876e+06,82563,53.2103,0.117262,1420.26,9.04836,653.608,26.6915,4.1634,1.00096,17202.2,1551.64,42.9625,52.925,0.220375,0.637091,9.63201
1t,1,default,pmed26.txt,600,5,10,22734,2504589,58.8505,0.163731,1689.16,37.4367,841.243,28.7028,4.0886,1.00142,674.426,42558.8,43,61.1125,0.278215,2.21629,0
1t,1,default,pmed27.txt,600,10,10,57828,1139277,56.2449,0.167782,1572.12,7.85448,761.746,27.9514,4.1262,1.00151,1379.93,20255.8,42.9625,57.975,0.298306,0.49961,0.213153
1t,1,default,pmed28.txt,600,60,10,384219,177084,54.4544,0.15859,1465.05,7.14615,680.475,26.9043,4.1537,1.00152,8273.21,3251.99,42.95,53.2375,0.291235,0.487774,5.35525
1t,1,default,pmed29.txt,600,120,10,860281,97868,55.8259,0.185019,1491.87,9.16995,687.529,26.7235,4.1584,1.0015,15243.7,1753.11,42.9625,53.2125,0.331422,0.614662,9.86832
1t,1,default,pmed30.txt,600,200,10,1.60208e+06,58534,53.7158,0.170819,1431.62,11.0455,657.681,26.6516,4.157,1.00154,24457.9,1089.71,42.9625,52.7875,0.318005,0.771538,9.27028
1t,1,default,pmed31.txt,700,5,10,23386,2118281,61.3604,0.266655,1748.89,27.3697,864.806,28.5023,4.1007,1.00208,825.616,34522.5,42.9875,60.3625,0.434573,1.56498,0
1t,1,default,pmed32.txt,700,10,10,67115,947083,58.3764,0.216706,1636.63,41.6109,795.54,28.0353,4.1277,1.00213,1728.07,16223.9,42.975,57.85,0.371222,2.54248,0.0626183
1t,1,default,pmed33.txt,700,70,10,519852,123045,50.8295,0.16101,1372,21.659,639.649,26.9922,4.1592,1.00252,11150.4,2420.76,42.975,53.075,0.316765,1.57864,8.09442
1t,1,default,pmed34.txt,700,140,10,1.04763e+06,72307,55.3254,0.177831,1477.64,7.65081,680.509,26.7084,4.1583,1.00223,20435.6,1306.95,42.925,52.6,0.321427,0.517773,8.89024
1t,1,default,pmed35.txt,800,5,10,23810,1794217,59.1656,0.132879,1682.58,23.0985,830.118,28.4391,4.1086,1.00304,937.777,30325.5,43,60.4375,0.224588,1.37281,0
1t,1,default,pmed36.txt,800,10,10,70897,828249,59.0456,0.194192,1642.14,5.90034,791.411,27.8115,4.1361,1.00301,1982.66,14027.4,42.975,57.175,0.328885,0.359308,0.129934
1t,1,default,pmed37.txt,800,80,10,676372,107894,56.5652,0.111456,1521.32,8.94074,706.331,26.8951,4.1612,1.00313,14100.2,1907.43,42.95,53.15,0.19704,0.587695,8.30322
1t,1,default,pmed38.txt,900,5,10,25560,1572905,58.9452,0.230144,1667.25,20.1935,817.966,28.2851,4.1068,1.00404,1059.98,26684.6,42.975,60.2625,0.390437,1.21119,0.26675
1t,1,default,pmed39.txt,900,10,10,66233,702891,55.6408,0.254865,1546.8,11.5506,745.124,27.7995,4.1346,1.00433,2200.62,12632.9,42.95,57.0375,0.458053,0.746745,0.157268
1t,1,default,pmed40.txt,900,90,10,775798,84207,55.0693,0.128198,1480.29,6.46086,686.855,26.8807,4.1566,1.00434,17579.2,1529.12,42.975,53.1,0.232794,0.436458,9.78999
2t-active,2,active,pmed1.txt,100,5,10,15008,18737429,50.6556,0.226088,1682.47,29.0378,952.626,33.2132,3.7064,1.99967,89.792,369905,42.975,60.2125,0.446323,1.7259,0
2t-active,2,active,pmed2.txt,100,10,10,39421,7823093,37.6829,0.0989225,1235.69,8.385,692.756,32.7919,3.9133,1.99988,157.954,207605,42.9875,57.9875,0.262513,0.678568,0
2t-active,2,active,pmed3.txt,100,10,10,43354,8005511,39.5208,0.22894,1293.94,11.9073,724.526,32.7405,3.9119,1.99975,161.631,202571,42.975,58,0.579291,0.920232,0.0207636
2t-active,2,active,pmed4.txt,100,20,10,95489,3247925,32.8193,0.164387,1054.62,7.48016,581.757,32.1351,4.0441,1.99978,324.705,98966.1,42.9625,55.975,0.500885,0.709277,0.0502929
2t-active,2,active,pmed5.txt,100,33,10,117405,1993199,31.0012,0.180718,987.34,6.95454,540.675,31.8496,4.0849,1.99981,495.355,64296.2,42.975,54.9625,0.582937,0.704372,0.173205
2t-active,2,active,pmed6.txt,200,5,10,19103,8844585,40.0819,0.282489,1400.7,22.6132,823.203,34.946,3.8939,1.99993,158.368,220673,43.0125,60.45,0.704779,1.61442,0
2t-active,2,active,pmed7.txt,200,10,10,45052,4069590,34.7436,0.124901,1154.63,11.0302,654.046,33.2332,4.0217,2,283.722,117133,42.675,58.1375,0.359494,0.955303,0.164525
2t-active,2,active,pmed8.txt,200,20,10,101029,1598045,30.2606,0.209906,974.276,5.40773,538.281,32.1981,4.0953,1.99985,609.668,52811.7,42.975,55.75,0.693661,0.555051,0.0257418
2t-active,2,active,pmed9.txt,200,40,10,198237,804254,29.8035,0.130377,950.736,6.05054,521.327,31.9007,4.1309,1.99991,1182.13,26985.7,42.9375,54.5125,0.437454,0.636406,0.338618
2t-active,2,active,pmed10.txt,200,67,10,266370,514301,29.2708,0.150847,927.995,4.5633,506.262,31.7046,4.1454,1.99999,1804.38,17570.9,42.9375,54.1375,0.51535,0.491737,0.669695
2t-active,2,active,pmed11.txt,300,5,10,17749,5948757,36.0521,0.25199,1304.15,11.5339,784.712,36.1753,3.9487,2.00013,219.231,165012,42.925,60.9125,0.69896,0.884397,0.197584
2t-active,2,active,pmed12.txt,300,10,10,53140,2421807,31.4155,0.186923,1075.42,16.6946,622.786,34.2319,4.0619,2.00024,444.057,77092,42.975,58.575,0.595001,1.55238,0.109265
2t-active,2,active,pmed13.txt,300,30,10,149739,715138,29.7385,0.17344,955.94,9.38162,527.468,32.1457,4.1321,2.00031,1336.72,24048.3,42.9625,55.1875,0.583217,0.981403,0.278591
2t-active,2,active,pmed14.txt,300,60,10,349693,369988,29.6077,0.136379,943.683,10.1301,517.095,31.8732,4.1476,2.00032,2550.58,12496.6,42.95,54.4625,0.460621,1.07347,1.44645
2t-active,2,active,pmed15.txt,300,100,10,558328,219499,27.204,0.137412,864.973,5.52136,473.018,31.797,4.1557,2.0004,3940.67,8068.81,42.975,54.575,0.505116,0.638328,5.17345
2t-active,2,active,pmed16.txt,400,5,10,18964,4015241,32.8478,0.200622,1200.98,12.5116,727.712,36.5623,3.9984,2.00076,299.106,122242,42.9625,61.55,0.610763,1.04178,0
2t-active,2,active,pmed17.txt,400,10,10,53504,1719404,30.0047,0.101856,1075.62,11.8451,643.316,35.8485,4.0853,2.00089,625.58,57305.1,42.9375,58.8875,0.339467,1.10123,0.189128
2t-active,2,active,pmed18.txt,400,40,10,244328,384192,28.5285,0.107921,925.614,4.96064,514.575,32.4457,4.1437,2.00091,2409.25,13467.1,42.975,54.8125,0.378292,0.53593,0.79039
2t-active,2,active,pmed19.txt,400,80,10,494003,205753,27.9129,0.142734,891.843,5.08885,489.674,31.9513,4.156,2.001,4334.53,7371.42,42.975,54.625,0.511355,0.570599,4.42625
2t-active,2,active,pmed20.txt,400,133,10,905518,123586,26.9477,0.106878,858.527,6.17367,470.265,31.8591,4.1588,2.00111,6946.8,4586.21,42.95,54.0375,0.396613,0.7191,6.7025
2t-active,2,active,pmed21.txt,500,5,10,21646,3241637,33.0708,0.115684,1219.88,12.7639,743.394,36.887,4.0263,2.00148,376.316,98022.2,42.9625,61.95,0.349808,1.04633,0.12489
2t-active,2,active,pmed22.txt,500,10,10,62699,1289649,29.1201,0.17294,1049.79,7.64043,630.232,36.0518,4.0902,2.00164,814.016,44288.7,42.975,58.1375,0.593884,0.727802,0.0782123
2t-active,2,active,pmed23.txt,500,50,10,325222,255365,29.1364,0.202069,951.393,21.145,531.596,32.652,4.1467,2.00174,3725.62,8764.84,42.9875,55.275,0.693529,2.22254,3.39969
2t-active,2,active,pmed24.txt,500,100,10,692253,131964,27.4134,0.117895,878.417,4.86358,483.445,32.0441,4.1567,2.00186,6656.49,4813.93,42.975,54.4125,0.430062,0.553675,8.02241
2t-active,2,active,pmed25.txt,500,167,10,1.14876e+06,82563,27.1756,0.103586,866.549,6.80458,475.003,31.8877,4.1573,2.00192,10495.6,3038.17,42.9625,54.15,0.381173,0.785251,9.63201
2t-active,2,active,pmed26.txt,600,5,10,22734,2504589,30.4479,0.160274,1126.6,13.8801,687.907,37.0013,4.0409,2.00269,449.814,82260.2,42.95,61.95,0.526387,1.23204,0
2t-active,2,active,pmed27.txt,600,10,10,57828,1139277,28.919,0.196416,1056.5,7.68915,639.832,36.5347,4.1022,2.0029,927.34,39397.1,42.9625,59.475,0.679194,0.727797,0.213153
2t-active,2,active,pmed28.txt,600,60,10,384219,177084,27.9742,0.107668,908.511,6.24428,505.458,32.4772,4.1493,2.00306,5130.39,6330.35,42.9875,55.0875,0.384883,0.687309,5.35525
2t-active,2,active,pmed29.txt,600,120,10,860281,97868,28.4569,0.146097,914.744,7.40846,504.737,32.1455,4.154,2.00294,9346.71,3439.25,42.95,54.65,0.513397,0.809894,9.86832
2t-active,2,active,pmed30.txt,600,200,10,1.60208e+06,58534,27.2902,0.156431,871.537,7.5453,478.34,31.9369,4.1594,2.00305,14889.4,2144.94,42.975,54.3875,0.573213,0.865746,9.27028
2t-active,2,active,pmed31.txt,700,5,10,23386,2118281,30.8107,0.114728,1142.6,11.921,698.677,37.0846,4.0673,2.00418,539.399,68752.3,42.9625,61.9,0.372363,1.04332,0
2t-active,2,active,pmed32.txt,700,10,10,67115,947083,29.6598,0.147114,1081.81,8.54573,654.476,36.4751,4.112,2.00435,1142.26,31932.2,42.975,58.8,0.496006,0.789944,0.0626183
2t-active,2,active,pmed33.txt,700,70,10,519852,123045,25.9136,0.141403,840.109,3.47905,466.746,32.4206,4.1579,2.00508,6827.66,4748.41,42.975,54.6,0.545673,0.414119,8.09442
2t-active,2,active,pmed34.txt,700,140,10,1.04763e+06,72307,28.1622,0.147753,906.389,5.7124,500.628,32.1856,4.1593,2.00458,12535.3,2567.58,42.9625,54.5,0.524649,0.630237,8.89024
2t-active,2,active,pmed35.txt,800,5,10,23810,1794217,29.3236,0.0943483,1088.05,11.8954,665.554,37.1045,4.0683,2.00596,606.42,61187.4,42.9375,61.825,0.321749,1.09328,0
2t-active,2,active,pmed36.txt,800,10,10,70897,828249,30.2017,0.169019,1100.84,7.92842,665.693,36.451,4.1149,2.00581,1329.12,27424.7,42.9625,58.675,0.559635,0.720216,0.129934
2t-active,2,active,pmed37.txt,800,80,10,676372,107894,28.7366,0.135722,934.855,5.90538,520.818,32.5324,4.1627,2.00625,8664.56,3754.66,42.975,54.775,0.472297,0.63169,8.30322
2t-active,2,active,pmed38.txt,900,5,10,25560,1572905,29.0517,0.0588219,1079.26,16.4788,660.684,37.1499,4.0811,2.00846,686.158,54141.8,42.95,61.85,0.202473,1.52686,0.26675
2t-active,2,active,pmed39.txt,900,10,10,66233,702891,28.3317,0.170723,1035.82,11.0146,627.618,36.5605,4.1219,2.00856,1473.66,24810.2,42.975,59.025,0.602585,1.06337,0.157268
2t-active,2,active,pmed40.txt,900,90,10,775798,84207,27.941,0.120627,910.171,5.39842,507.597,32.5753,4.1596,2.0086,10808.7,3013.79,42.9875,55.075,0.431721,0.593122,9.78999
4t-active,4,active,pmed1.txt,100,5,10,15008,18737429,55.7966,2.97849,2090.5,109.706,1286.58,37.4684,3.9643,3.99971,111.568,336652,42.975,59.8875,5.33811,5.24783,0
4t-active,4,active,pmed2.txt,100,10,10,39421,7823093,31.4149,0.661474,1226.54,25.2034,773.909,39.0464,4.0186,3.99987,156.784,249124,42.95,59.6125,2.10561,2.05484,0
4t-active,4,active,pmed3.txt,100,10,10,43354,8005511,34.3919,1.00867,1311.02,34.5828,815.505,38.1254,4.0264,3.99983,163.765,232953,42.95,59.6875,2.93286,2.63785,0.0207636
4t-active,4,active,pmed4.txt,100,20,10,95489,3247925,22.7484,0.318299,890.252,12.9401,562.493,39.1368,4.0787,3.99962,274.099,142801,42.9375,58.8125,1.39921,1.45354,0.0502929
4t-active,4,active,pmed5.txt,100,33,10,117405,1993199,19.8948,0.19547,787.202,15.1171,500.558,39.5688,4.1004,3.99983,394.944,100196,43,58.675,0.982516,1.92036,0.173205
4t-active,4,active,pmed6.txt,200,5,10,19103,8844585,34.946,1.30964,1434.18,42.5878,930.682,41.0528,4.0024,3.99989,162.154,253408,42.9625,61.0375,3.7476,2.96948,0
4t-active,4,active,pmed7.txt,200,10,10,45052,4069590,24.1636,0.304564,1010.39,15.645,662.246,41.8148,4.0516,4.00011,248.279,168442,42.9625,61.5,1.26043,1.5484,0.164525
4t-active,4,active,pmed8.txt,200,20,10,101029,1598045,18.5151,0.128115,767.902,11.6368,501.136,41.4741,4.1052,3.99998,480.526,86314.1,42.9375,59.875,0.691948,1.51541,0.0257418
4t-active,4,active,pmed9.txt,200,40,10,198237,804254,16.797,0.0691343,691.683,10.6214,449.672,41.179,4.1363,4.00021,860.03,47881.5,42.95,59.2125,0.411587,1.53558,0.338618
4t-active,4,active,pmed10.txt,200,67,10,266370,514301,16.4076,0.107048,669.639,9.75787,433.238,40.8141,4.1458,4.00011,1302.04,31346.5,42.95,59.2375,0.652432,1.45718,0.669695
4t-active,4,active,pmed11.txt,300,5,10,17749,5948757,27.9031,1.09538,1176.66,41.934,774.634,42.1765,4.0173,4.00043,197.8,213485,42.975,62.5125,3.92565,3.56381,0.197584
4t-active,4,active,pmed12.txt,300,10,10,53140,2421807,20.2787,0.412752,857.71,13.6352,565.535,42.3008,4.0764,4.00064,354.161,119471,42.975,61.9375,2.0354,1.58973,0.109265
4t-active,4,active,pmed13.txt,300,30,10,149739,715138,16.5642,0.100791,686.164,9.31174,447.507,41.4257,4.137,4.00084,959.485,43175.2,42.975,59.7875,0.608488,1.35707,0.278591
4t-active,4,active,pmed14.txt,300,60,10,349693,369988,15.9989,0.103072,652.99,10.3914,422.477,40.8164,4.1443,4.00078,1764.89,23126.7,42.95,58.95,0.644246,1.59136,1.44645
4t-active,4,active,pmed15.txt,300,100,10,558328,219499,14.5564,0.0642689,590.031,8.195,380.302,40.536,4.1541,4.00087,2688.08,15079.5,42.9125,58.5625,0.441516,1.38891,5.17345
4t-active,4,active,pmed16.txt,400,5,10,18964,4015241,22.6696,0.612764,995.418,21.2693,668.795,43.9191,4.0354,4.00131,247.91,177237,42.9625,63.05,2.70302,2.13672,0
4t-active,4,active,pmed17.txt,400,10,10,53504,1719404,17.6879,0.291487,781.206,10.1517,526.359,44.1701,4.0847,4.00172,454.347,97231.3,42.9625,62.175,1.64795,1.2995,0.189128
4t-active,4,active,pmed18.txt,400,40,10,244328,384192,15.1222,0.0992951,628.843,5.15681,410.962,41.5865,4.1418,4.00196,1636.79,25406.8,42.9625,59.95,0.656618,0.820048,0.79039
4t-active,4,active,pmed19.txt,400,80,10,494003,205753,14.6997,0.103048,606.781,9.46765,394.988,41.2798,4.149,4.00212,2949.08,13997.7,42.9625,59.425,0.701021,1.56031,4.42625
4t-active,4,active,pmed20.txt,400,133,10,905518,123586,14.0949,0.0927966,574.679,10.904,371.599,40.774,4.1515,4.00222,4650.03,8768.48,42.9625,59.1125,0.65837,1.89741,6.7025
4t-active,4,active,pmed21.txt,500,5,10,21646,3241637,22.0977,0.594539,1004.82,19.7096,686.437,45.4817,4.0524,4.00256,309.973,146794,42.95,63.3375,2.6905,1.96151,0.12489
4t-active,4,active,pmed22.txt,500,10,10,62699,1289649,16.3029,0.171434,742.173,10.3847,507.281,45.525,4.0926,4.00338,575.485,79113.4,42.95,62.4,1.05156,1.39923,0.0782123
4t-active,4,active,pmed23.txt,500,50,10,325222,255365,15.215,0.0905256,633.078,5.66018,413.86,41.6101,4.1527,4.00369,2479.11,16784.3,42.975,59.675,0.594976,0.894072,3.39969
4t-active,4,active,pmed24.txt,500,100,10,692253,131964,14.238,0.110243,588.451,5.00945,383.31,41.3331,4.1554,4.00397,4459.18,9268.93,42.95,59.2875,0.774288,0.851294,8.02241
4t-active,4,active,pmed25.txt,500,167,10,1.14876e+06,82563,14.0981,0.0892406,579.134,6.77303,376.009,41.0806,4.159,4.00398,7014.45,5856.53,42.975,58.9375,0.632997,1.16951,9.63201
4t-active,4,active,pmed26.txt,600,5,10,22734,2504589,19.0745,0.435123,881.473,19.7682,606.648,46.215,4.0539,4.00478,351.943,131367,42.9625,64.375,2.28117,2.24263,0
4t-active,4,active,pmed27.txt,600,10,10,57828,1139277,16.1471,0.153289,742.8,11.1009,510.153,46.0031,4.0916,4.00569,651.993,70561.8,42.95,63.0875,0.949327,1.49447,0.213153
4t-active,4,active,pmed28.txt,600,60,10,384219,177084,14.5379,0.104816,609.225,9.15755,399.763,41.9085,4.1541,4.00623,3440.31,12181.4,42.9875,59.675,0.720982,1.50315,5.35525
4t-active,4,active,pmed29.txt,600,120,10,860281,97868,14.7385,0.118189,613.181,6.88867,400.829,41.6059,4.1584,4.00613,6265.39,6640.68,42.975,59.65,0.801909,1.12343,9.86832
4t-active,4,active,pmed30.txt,600,200,10,1.60208e+06,58534,14.107,0.0999467,581.13,6.83831,377.876,41.1979,4.1554,4.00637,9928.08,4149.47,42.975,59.4125,0.70849,1.17673,9.27028
4t-active,4,active,pmed31.txt,700,5,10,23386,2118281,18.9254,0.187227,879.787,11.7267,607.11,46.4872,4.0647,4.00688,415.331,111938,42.9625,64.4375,0.989291,1.3329,0
4t-active,4,active,pmed32.txt,700,10,10,67115,947083,16.1055,0.138319,742.629,8.47858,510.58,46.1134,4.0971,4.00831,784.122,58808.8,42.975,63.1875,0.858834,1.1417,0.0626183
4t-active,4,active,pmed33.txt,700,70,10,519852,123045,13.479,0.121944,570.41,10.8387,376.204,42.3238,4.1466,4.00988,4635.78,9129.31,42.95,59.875,0.904693,1.90016,8.09442
4t-active,4,active,pmed34.txt,700,140,10,1.04763e+06,72307,14.5288,0.0851388,607.922,7.98637,398.591,41.8452,4.1561,4.00904,8407.51,4976.96,42.975,59.8625,0.586001,1.31372,8.89024
4t-active,4,active,pmed35.txt,800,5,10,23810,1794217,17.4087,0.275,816.528,12.896,565.704,46.9075,4.0626,4.01075,455.089,103088,42.9875,64.975,1.57967,1.57937,0
4t-active,4,active,pmed36.txt,800,10,10,70897,828249,16.1883,0.160628,749.342,7.10021,516.101,46.2935,4.1066,4.01124,904.731,51168,42.9375,63.1375,0.992247,0.947525,0.129934
4t-active,4,active,pmed37.txt,800,80,10,676372,107894,14.9437,0.104563,647.17,8.343,431.861,43.3091,4.1517,4.01188,5998.2,7220.35,42.975,60.3625,0.69971,1.28915,8.30322
4t-active,4,active,pmed38.txt,900,5,10,25560,1572905,17.0196,0.293475,805.63,7.92954,560.412,47.3427,4.0716,4.01441,512.192,92442.1,42.9875,65.0125,1.72433,0.984266,0.26675
4t-active,4,active,pmed39.txt,900,10,10,66233,702891,14.9612,0.102292,700.282,6.30929,484.721,46.8088,4.1079,4.01662,996.288,46982.9,42.95,63.425,0.683718,0.900965,0.157268
4t-active,4,active,pmed40.txt,900,90,10,775798,84207,14.4566,0.0893497,627.051,10.1936,418.761,43.377,4.1438,4.01693,7446.55,5825.01,42.9625,60.75,0.618055,1.62565,9.78999
6t-active,6,active,pmed1.txt,100,5,10,15008,18737429,58.46,0.947623,2456.11,40.9229,1613.82,42.0134,4.026,5.99974,131.081,320592,42.975,59.2,1.62098,1.66617,0
6t-active,6,active,pmed2.txt,100,10,10,39421,7823093,30.4018,0.547808,1337.92,21.8373,899.89,44.0104,4.0487,5.99988,171.022,257398,42.95,59.05,1.80189,1.63218,0
6t-active,6,active,pmed3.txt,100,10,10,43354,8005511,32.7075,0.95086,1426.2,34.5116,954.952,43.611,4.0538,5.99983,178.153,244945,42.9625,58.95,2.90716,2.41983,0.0207636
6t-active,6,active,pmed4.txt,100,20,10,95489,3247925,19.5373,0.302423,883.211,14.4771,601.718,45.2089,4.0789,5.99977,271.931,166278,42.9625,58.9125,1.54793,1.63914,0.0502929
6t-active,6,active,pmed5.txt,100,33,10,117405,1993199,16.2787,0.12236,745.097,9.36776,510.554,45.7723,4.1028,5.99991,373.82,122448,42.9125,58.55,0.751658,1.25725,0.173205
6t-active,6,active,pmed6.txt,200,5,10,19103,8844585,33.3981,0.459402,1507.99,15.5522,1026.79,45.1554,4.0393,6.00005,170.499,264868,42.975,59.9375,1.37553,1.03132,0
6t-active,6,active,pmed7.txt,200,10,10,45052,4069590,21.4454,0.467452,989.512,21.2453,680.527,46.1432,4.0607,6.00009,243.148,189847,42.95,60.3875,2.17973,2.14704,0.164525
6t-active,6,active,pmed8.txt,200,20,10,101029,1598045,14.7088,0.145628,686.946,7.9078,475.022,46.7071,4.1009,6.00017,429.867,108655,42.9625,59.1375,0.990074,1.15115,0.0257418
6t-active,6,active,pmed9.txt,200,40,10,198237,804254,12.7126,0.159129,593.996,6.49423,410.833,46.7318,4.1123,6.00042,738.568,63273.2,42.9625,59.2625,1.25174,1.09331,0.338618
6t-active,6,active,pmed10.txt,200,67,10,266370,514301,12.2624,0.0696837,572.189,7.11725,395.512,46.6643,4.1248,6.00024,1112.56,41942.5,42.975,59.225,0.568272,1.24386,0.669695
6t-active,6,active,pmed11.txt,300,5,10,17749,5948757,26.1268,0.755409,1206.05,32.8886,829.613,46.1652,4.045,6.00041,202.74,227858,42.9375,60.8,2.89132,2.72697,0.197584
6t-active,6,active,pmed12.txt,300,10,10,53140,2421807,17.1077,0.365437,819.576,8.17692,573.088,47.9208,4.0842,6.00062,338.415,141621,42.95,59.875,2.1361,0.997701,0.109265
6t-active,6,active,pmed13.txt,300,30,10,149739,715138,12.3954,0.0950254,598.514,10.094,419.921,48.2896,4.1141,6.00106,836.92,57696.9,42.975,59.3625,0.766618,1.68651,0.278591
6t-active,6,active,pmed14.txt,300,60,10,349693,369988,11.4932,0.077917,546.96,8.46051,381.366,47.5947,4.1313,6.00145,1478.32,32193.2,42.9375,59.1,0.67794,1.54683,1.44645
6t-active,6,active,pmed15.txt,300,100,10,558328,219499,10.3517,0.0563896,494.699,7.65802,345.552,47.7929,4.1326,6.0013,2253.76,21204.7,42.975,58.9125,0.544738,1.54802,5.17345
6t-active,6,active,pmed16.txt,400,5,10,18964,4015241,20.1672,0.55327,971.001,16.5335,680.432,48.1629,4.0478,6.00146,241.829,199233,42.9875,61.425,2.74342,1.70272,0
6t-active,6,active,pmed17.txt,400,10,10,53504,1719404,13.8705,0.318992,693.822,7.48489,493.976,50.0373,4.0788,6.00225,403.525,124020,42.9625,60.9375,2.29979,1.07879,0.189128
6t-active,6,active,pmed18.txt,400,40,10,244328,384192,10.8504,0.0634459,529.44,7.38097,373.108,48.7988,4.1247,6.00272,1378.06,35409.2,42.975,59.4875,0.584733,1.39411,0.79039
6t-active,6,active,pmed19.txt,400,80,10,494003,205753,10.3408,0.106089,501.662,7.84476,352.672,48.5213,4.1307,6.00313,2438.18,19899.1,42.95,59.25,1.02592,1.56375,4.42625
6t-active,6,active,pmed20.txt,400,133,10,905518,123586,9.8272,0.0782557,475.89,8.27025,334.3,48.4327,4.1344,6.00333,3850.68,12576.6,42.9625,59.1875,0.796317,1.73785,6.7025
6t-active,6,active,pmed21.txt,500,5,10,21646,3241637,18.5184,0.393066,927.405,13.8458,660.592,50.09,4.0494,6.00308,286.092,175118,42.9875,62.125,2.12257,1.49296,0.12489
6t-active,6,active,pmed22.txt,500,10,10,62699,1289649,12.657,0.249297,639.279,14.2109,456.917,50.5104,4.0858,6.00449,495.7,101928,42.95,61.1125,1.96964,2.22296,0.0782123
6t-active,6,active,pmed23.txt,500,50,10,325222,255365,10.7481,0.0945662,530.183,7.61725,375.325,49.3344,4.1295,6.00537,2076.18,23760.7,42.95,59.425,0.879841,1.43672,3.39969
6t-active,6,active,pmed24.txt,500,100,10,692253,131964,9.8993,0.0828896,485.171,6.94005,342.542,49.0164,4.1331,6.00586,3676.54,13331.5,42.9375,59.3875,0.837327,1.43043,8.02241
6t-active,6,active,pmed25.txt,500,167,10,1.14876e+06,82563,9.8058,0.0731738,478.113,9.66283,336.831,48.765,4.1289,6.00591,5790.89,8420.23,42.9625,59.225,0.746229,2.02103,9.63201
6t-active,6,active,pmed26.txt,600,5,10,22734,2504589,16.0718,0.337702,816.28,11.3988,584.717,50.7997,4.0542,6.00559,325.914,155900,42.9625,62.4375,2.10121,1.39643,0
6t-active,6,active,pmed27.txt,600,10,10,57828,1139277,12.2975,0.146579,640.998,8.32906,463.816,52.1306,4.0844,6.00742,562.636,92654.8,42.975,61.925,1.19194,1.29939,0.213153
6t-active,6,active,pmed28.txt,600,60,10,384219,177084,10.1332,0.0910895,503.399,7.77306,357.4,49.6859,4.1286,6.00886,2842.72,17476.9,42.95,59.6,0.898921,1.54411,5.35525
6t-active,6,active,pmed29.txt,600,120,10,860281,97868,10.1655,0.0938619,503.598,6.68694,357.134,49.5484,4.1364,6.00893,5145.69,9628.2,42.9375,59.3,0.923338,1.32783,9.86832
6t-active,6,active,pmed30.txt,600,200,10,1.60208e+06,58534,9.7019,0.0892194,477.24,8.69777,337.455,49.1998,4.1301,6.00969,8153.21,6033.71,42.9375,59.5125,0.919607,1.82252,9.27028
6t-active,6,active,pmed31.txt,700,5,10,23386,2118281,15.2286,0.305024,796.406,9.07114,576.993,52.3096,4.0607,6.00859,375.968,139149,42.95,62.5875,2.00297,1.13901,0
6t-active,6,active,pmed32.txt,700,10,10,67115,947083,11.8638,0.16252,634.406,7.99803,463.473,53.4864,4.0865,6.01138,669.853,79843.1,42.9625,62.075,1.36988,1.26071,0.0626183
6t-active,6,active,pmed33.txt,700,70,10,519852,123045,9.3139,0.107833,470.156,5.53219,335.961,50.4892,4.1289,6.01413,3821,13212.5,42.975,59.75,1.15776,1.17667,8.09442
6t-active,6,active,pmed34.txt,700,140,10,1.04763e+06,72307,10.0439,0.0870765,502.216,5.18794,357.504,50.0087,4.1298,6.01331,6945.61,7199.58,43.0125,60,0.866959,1.03301,8.89024
6t-active,6,active,pmed35.txt,800,5,10,23810,1794217,13.8232,0.304375,736.697,14.2171,537.533,53.304,4.0566,6.01369,410.596,129855,42.95,63.1375,2.20191,1.92985,0
6t-active,6,active,pmed36.txt,800,10,10,70897,828249,11.7812,0.120661,635.101,8.8784,465.358,53.9158,4.0827,6.01576,766.8,70309.3,42.975,62.3625,1.02418,1.39795,0.129934
6t-active,6,active,pmed37.txt,800,80,10,676372,107894,10.3077,0.0625763,530.303,9.40369,381.79,51.4499,4.1281,6.01752,4915.04,10467.7,42.975,60.2625,0.607083,1.77327,8.30322
6t-active,6,active,pmed38.txt,900,5,10,25560,1572905,13.4079,0.203319,722.039,11.8983,528.858,53.8539,4.0661,6.01879,459.048,117336,42.9625,63.3875,1.51641,1.64788,0.26675
6t-active,6,active,pmed39.txt,900,10,10,66233,702891,10.9991,0.0698514,598.404,10.0085,439.929,54.4052,4.0912,6.02277,851.347,63906.7,42.925,62.1125,0.635064,1.67253,0.157268
6t-active,6,active,pmed40.txt,900,90,10,775798,84207,9.8962,0.0864186,515.024,7.41737,372.44,52.0505,4.1315,6.02466,6116.17,8509.6,42.95,59.975,0.873251,1.4402,9.78999
8t-active,8,active,pmed1.txt,100,5,10,15008,18737429,68.0608,2.40045,2851.22,101.821,1870.6,41.8919,4.0503,7.99828,152.167,275607,42.9625,61.0125,3.52692,3.57113,0
8t-active,8,active,pmed2.txt,100,10,10,39421,7823093,34.2561,1.27864,1488.51,43.3019,994.952,43.468,4.0616,7.99682,190.272,228656,43,60.525,3.73258,2.90907,0
8t-active,8,active,pmed3.txt,100,10,10,43354,8005511,35.6073,1.20247,1548.27,41.8703,1035.24,43.4926,4.0649,7.99786,193.401,225056,42.9375,60.5875,3.37704,2.70433,0.0207636
8t-active,8,active,pmed4.txt,100,20,10,95489,3247925,19.7933,0.326579,896.386,19.6916,611.204,45.2852,4.0818,7.99849,275.987,164132,42.975,60.6875,1.64995,2.19678,0.0502929
8t-active,8,active,pmed5.txt,100,33,10,117405,1993199,16.054,0.20256,731.693,8.32143,500.387,45.582,4.0914,7.99842,367.095,124174,42.975,60.7,1.26174,1.13728,0.173205
8t-active,8,active,pmed6.txt,200,5,10,19103,8844585,38.1896,1.16104,1701.05,49.7013,1150.81,44.5458,4.0528,7.99885,192.326,231792,42.9625,61.7625,3.04019,2.92181,0
8t-active,8,active,pmed7.txt,200,10,10,45052,4069590,22.5001,0.546292,1034.66,26.276,710.475,45.9849,4.0645,7.99942,254.241,180967,42.975,62.025,2.42795,2.53959,0.164525
8t-active,8,active,pmed8.txt,200,20,10,101029,1598045,14.1904,0.215762,668.017,11.6238,463.562,47.0779,4.0858,7.998,418.021,112638,42.975,61.6875,1.52048,1.74005,0.0257418
8t-active,8,active,pmed9.txt,200,40,10,198237,804254,11.7669,0.124863,565.285,8.06258,395.748,48.0467,4.0987,7.99878,702.869,68355.7,42.9625,61.75,1.06114,1.42629,0.338618
8t-active,8,active,pmed10.txt,200,67,10,266370,514301,11.1583,0.142352,528.896,4.78701,368.127,47.4061,4.1046,7.99794,1028.38,46097.9,42.975,62.0125,1.27575,0.905094,0.669695
8t-active,8,active,pmed11.txt,300,5,10,17749,5948757,29.1674,0.966526,1336.91,45.1022,916.661,45.8359,4.0522,7.99854,224.737,204156,42.95,62.475,3.31372,3.37362,0.197584
8t-active,8,active,pmed12.txt,300,10,10,53140,2421807,17.0937,0.501037,820.127,18.5859,573.841,47.9912,4.0718,7.99767,338.643,141787,42.9625,62.5125,2.93112,2.26622,0.109265
8t-active,8,active,pmed13.txt,300,30,10,149739,715138,11.482,0.110567,564.053,6.32318,398.621,49.1326,4.0922,8.00002,788.734,62288.6,42.9625,62.275,0.962961,1.12102,0.278591
8t-active,8,active,pmed14.txt,300,60,10,349693,369988,10.4672,0.0928258,505.122,9.88992,354.31,48.2593,4.1016,7.99938,1365.24,35349.9,42.975,62.0375,0.886825,1.95793,1.44645
8t-active,8,active,pmed15.txt,300,100,10,558328,219499,9.279,0.127033,447.719,5.02804,314.028,48.2601,4.1119,7.99995,2039.73,23659.4,42.9875,61.825,1.36904,1.12303,5.17345
8t-active,8,active,pmed16.txt,400,5,10,18964,4015241,21.4745,0.540162,1014.8,18.5184,705.391,47.2667,4.0542,8.00007,252.736,187084,42.95,63.1625,2.51537,1.82484,0
8t-active,8,active,pmed17.txt,400,10,10,53504,1719404,13.9245,0.371312,695.563,18.5562,494.939,49.957,4.0718,7.99991,404.538,123559,42.975,63.45,2.66661,2.66779,0.189128
8t-active,8,active,pmed18.txt,400,40,10,244328,384192,9.7337,0.0730663,484.271,8.21838,344.028,49.7581,4.0953,8.00251,1260.49,39472.3,42.9625,62.6125,0.750652,1.69706,0.79039
8t-active,8,active,pmed19.txt,400,80,10,494003,205753,9.1874,0.0635316,450.986,7.69474,318.614,49.0941,4.1014,8.00308,2191.88,22396.1,42.975,62.4375,0.691508,1.70621,4.42625
8t-active,8,active,pmed20.txt,400,133,10,905518,123586,8.7608,0.106662,431.858,9.22379,305.632,49.3018,4.1113,8.00168,3494.39,14108.6,42.9625,62.1625,1.21749,2.13584,6.7025
8t-active,8,active,pmed21.txt,500,5,10,21646,3241637,20.0751,0.643594,978.971,23.1024,689.729,48.7804,4.0565,8.00115,301.999,161627,42.975,63.575,3.20593,2.35986,0.12489
8t-active,8,active,pmed22.txt,500,10,10,62699,1289649,12.3482,0.241987,624.329,13.8537,446.416,50.5655,4.0697,8.00172,484.108,104476,42.95,63.6375,1.95969,2.21897,0.0782123
8t-active,8,active,pmed23.txt,500,50,10,325222,255365,9.7306,0.110099,489.284,8.75781,349.086,50.2931,4.1041,8.00259,1916.02,26246.5,42.9625,62.7375,1.13147,1.78992,3.39969
8t-active,8,active,pmed24.txt,500,100,10,692253,131964,8.8321,0.103149,444.627,8.52434,317.374,50.3497,4.1097,8.00422,3369.31,14943.2,42.95,62.325,1.16788,1.91719,8.02241
8t-active,8,active,pmed25.txt,500,167,10,1.14876e+06,82563,8.658,0.0747574,434.522,7.01506,309.777,50.1953,4.1137,8.00612,5262.91,9536.67,42.6625,62.2,0.863449,1.61443,9.63201
8t-active,8,active,pmed26.txt,600,5,10,22734,2504589,16.5336,0.549506,829.189,25.2476,590.973,50.1597,4.0581,8.00286,331.068,151636,42.9625,64.1625,3.32357,3.04485,0
8t-active,8,active,pmed27.txt,600,10,10,57828,1139277,12.1612,0.180515,627.344,9.66522,452.125,51.5903,4.0708,8.0053,550.651,93699.7,42.9625,64.225,1.48435,1.54066,0.213153
8t-active,8,active,pmed28.txt,600,60,10,384219,177084,9.0982,0.0700251,471.353,7.23466,340.267,51.8144,4.106,8.0086,2661.75,19464.7,42.9625,62.8,0.769659,1.53487,5.35525
8t-active,8,active,pmed29.txt,600,120,10,860281,97868,9.1122,0.0745487,466.365,6.55336,335.077,51.188,4.1096,8.00937,4765.25,10741,42.9625,62.8625,0.81812,1.4052,9.86832
8t-active,8,active,pmed30.txt,600,200,10,1.60208e+06,58534,8.6423,0.0989557,437.873,8.61451,313.355,50.6814,4.1039,8.00956,7480.66,6773.76,42.975,62.575,1.14502,1.96735,9.27028
8t-active,8,active,pmed31.txt,700,5,10,23386,2118281,15.5227,0.29283,791.931,17.8841,568.28,51.0188,4.0554,8.00479,373.856,136507,42.9875,64.5125,1.88646,2.25829,0
8t-active,8,active,pmed32.txt,700,10,10,67115,947083,11.5801,0.1565,610.46,13.0016,443.614,52.7223,4.0727,8.00971,644.568,81799,42.675,64.55,1.35145,2.12981,0.0626183
8t-active,8,active,pmed33.txt,700,70,10,519852,123045,8.3579,0.0815018,435.229,7.88073,314.808,52.0817,4.106,8.01397,3537.15,14723.3,42.975,62.6875,0.975147,1.81071,8.09442
8t-active,8,active,pmed34.txt,700,140,10,1.04763e+06,72307,8.9915,0.138498,460.871,8.30105,331.321,51.2775,4.1014,8.01319,6373.81,8043.38,42.9875,62.95,1.54032,1.80117,8.89024
8t-active,8,active,pmed35.txt,800,5,10,23810,1794217,14.1262,0.321325,736.915,15.4918,533.384,52.1721,4.0612,8.01267,410.717,127073,42.95,65.15,2.27467,2.10225,0
8t-active,8,active,pmed36.txt,800,10,10,70897,828249,11.189,0.129319,604.454,5.07896,443.243,54.0301,4.0771,8.01498,729.797,74032.4,42.95,65.1875,1.15577,0.840256,0.129934
8t-active,8,active,pmed37.txt,800,80,10,676372,107894,9.2687,0.156024,486.555,6.64835,353.012,52.5079,4.1039,8.01531,4509.57,11643.6,42.9875,63.4,1.68335,1.36641,8.30322
8t-active,8,active,pmed38.txt,900,5,10,25560,1572905,13.6415,0.279366,715.545,13.0033,518.998,52.4601,4.0649,8.01693,454.919,115347,42.975,65.2,2.04792,1.81726,0.26675
8t-active,8,active,pmed39.txt,900,10,10,66233,702891,10.4107,0.117774,565.445,5.35556,415.448,54.3205,4.0766,8.02207,804.457,67524,42.975,65.45,1.13128,0.94714,0.157268
8t-active,8,active,pmed40.txt,900,90,10,775798,84207,8.9467,0.159587,468.756,4.77192,339.852,52.4094,4.097,8.02447,5566.71,9414.71,42.9625,63.45,1.78375,1.018,9.78999
12t-active,12,active,pmed1.txt,100,5,10,15008,18737429,81.6596,2.88135,3457.63,111.132,2281.08,42.3469,4.0873,11.9824,184.531,229707,42.95,60.7875,3.52848,3.2141,0
12t-active,12,active,pmed2.txt,100,10,10,39421,7823093,39.3694,0.592047,1746.29,29.0791,1179.06,44.3585,4.0935,11.9809,223.223,198751,42.95,60.2375,1.50382,1.66519,0
12t-active,12,active,pmed3.txt,100,10,10,43354,8005511,41.0012,1.1734,1807.36,39.9408,1216.62,44.0939,4.0952,11.9812,225.765,195395,42.675,60.1,2.86186,2.2099,0.0207636
12t-active,12,active,pmed4.txt,100,20,10,95489,3247925,20.7161,0.571132,941.645,20.7627,643.167,45.4623,4.1031,11.9811,289.922,156891,42.95,59.85,2.75695,2.20494,0.0502929
12t-active,12,active,pmed5.txt,100,33,10,117405,1993199,15.6839,0.237238,720.616,13.3212,494.643,45.9486,4.1077,11.9813,361.538,127111,42.9625,60.075,1.51262,1.84859,0.173205
12t-active,12,active,pmed6.txt,200,5,10,19103,8844585,43.1429,1.1122,1947.12,48.0122,1325.52,45.1339,4.0904,11.9812,220.149,205130,42.975,60.5,2.57795,2.4658,0
12t-active,12,active,pmed7.txt,200,10,10,45052,4069590,23.8594,0.564445,1105.19,20.025,761.426,46.3278,4.0958,11.9819,271.573,170653,42.975,60.6,2.36571,1.81191,0.164525
12t-active,12,active,pmed8.txt,200,20,10,101029,1598045,13.3321,0.201685,657.183,10.2475,465.094,49.3028,4.0979,11.9832,411.242,119889,42.95,60.4875,1.51278,1.55931,0.0257418
12t-active,12,active,pmed9.txt,200,40,10,198237,804254,10.253,0.166463,507.762,11.7416,360.037,49.5316,4.0961,11.9807,631.345,78459.5,42.9625,61.3375,1.62356,2.31242,0.338618
12t-active,12,active,pmed10.txt,200,67,10,266370,514301,9.3575,0.117805,471.942,9.80515,337.119,50.4403,4.1058,11.9835,917.638,54969.3,42.95,61.4875,1.25894,2.07762,0.669695
12t-active,12,active,pmed11.txt,300,5,10,17749,5948757,31.7944,0.769702,1458.92,28.2343,1000.82,45.8915,4.0883,11.9823,245.247,187201,42.9875,61.3,2.42087,1.93529,0.197584
12t-active,12,active,pmed12.txt,300,10,10,53140,2421807,16.902,0.22057,830.966,8.04144,587.442,49.1684,4.0917,11.9825,343.118,143307,42.975,60.8625,1.30499,0.967722,0.109265
12t-active,12,active,pmed13.txt,300,30,10,149739,715138,9.656,0.120528,493.749,14.3045,354.625,51.1447,4.0932,11.9819,690.425,74072.1,42.95,61.525,1.24822,2.89712,0.278591
12t-active,12,active,pmed14.txt,300,60,10,349693,369988,8.2397,0.140358,423.599,8.42875,304.881,51.4256,4.0961,11.983,1144.9,44914.8,42.95,61.775,1.70343,1.9898,1.44645
12t-active,12,active,pmed15.txt,300,100,10,558328,219499,7.1925,0.116901,370.231,12.1543,266.601,51.4971,4.0952,11.983,1686.71,30525.1,42.9625,61.675,1.62532,3.2829,5.17345
12t-active,12,active,pmed16.txt,400,5,10,18964,4015241,23.1658,0.661624,1102.7,22.4632,768.928,47.6131,4.0863,11.9836,274.629,173459,42.975,61.6125,2.85604,2.0371,0
12t-active,12,active,pmed17.txt,400,10,10,53504,1719404,13.1188,0.180601,662.79,15.3789,473.774,50.5253,4.0825,11.9832,385.477,131086,42.975,62.0875,1.37666,2.32033,0.189128
12t-active,12,active,pmed18.txt,400,40,10,244328,384192,7.7943,0.10857,408.185,6.74495,295.885,52.3783,4.0992,11.9848,1062.45,49300.1,42.9625,62.0625,1.39294,1.65243,0.79039
12t-active,12,active,pmed19.txt,400,80,10,494003,205753,7.0862,0.212644,374.704,11.7557,272.606,52.9287,4.0947,11.9843,1821.13,29058.6,42.9375,61.9625,3.00082,3.13734,4.42625
12t-active,12,active,pmed20.txt,400,133,10,905518,123586,6.6226,0.109173,350.484,8.38819,255.066,52.9436,4.0922,11.9838,2835.96,18665.8,42.95,62.225,1.64849,2.39331,6.7025
12t-active,12,active,pmed21.txt,500,5,10,21646,3241637,20.4132,0.320016,1004.15,16.2006,710.041,49.1925,4.0857,11.9835,309.768,158836,42.9625,61.85,1.56769,1.61335,0.12489
12t-active,12,active,pmed22.txt,500,10,10,62699,1289649,11.1376,0.172408,588.198,11.9728,427.727,52.8191,4.0866,11.9879,456.091,115818,42.95,62.2875,1.54798,2.03551,0.0782123
12t-active,12,active,pmed23.txt,500,50,10,325222,255365,7.4511,0.116532,396.229,11.9564,288.874,53.1958,4.0896,11.9868,1551.62,34279.7,42.9625,62.6125,1.56395,3.01756,3.39969
12t-active,12,active,pmed24.txt,500,100,10,692253,131964,6.5867,0.0940899,358.423,8.38121,263.522,54.4329,4.0995,11.991,2716.06,20038.6,42.975,62.55,1.42848,2.33836,8.02241
12t-active,12,active,pmed25.txt,500,167,10,1.14876e+06,82563,6.4168,0.136632,346.612,9.11106,254.159,54.0502,4.0918,11.9898,4198.15,12871.9,42.9125,62.425,2.12928,2.62861,9.63201
12t-active,12,active,pmed26.txt,600,5,10,22734,2504589,16.3673,0.335252,828.406,13.2949,592.586,50.6218,4.0741,11.9868,330.755,153081,42.9875,62.5625,2.0483,1.60488,0
12t-active,12,active,pmed27.txt,600,10,10,57828,1139277,11.0565,1.25478,581.947,52.1053,422.645,52.7443,4.0766,11.9621,510.803,103983,42.9625,63.0625,11.3488,8.95362,0.213153
12t-active,12,active,pmed28.txt,600,60,10,384219,177084,6.8384,0.100795,377.719,9.4139,279.191,55.2617,4.089,11.9905,2132.99,25900.5,42.95,62.5125,1.47395,2.4923,5.35525
12t-active,12,active,pmed29.txt,600,120,10,860281,97868,6.7496,0.214554,373.136,12.9518,275.888,55.3498,4.091,11.9893,3812.65,14512.5,42.95,62.5625,3.17877,3.47107,9.86832
12t-active,12,active,pmed30.txt,600,200,10,1.60208e+06,58534,6.297,0.105737,347.174,8.20693,256.447,55.1513,4.0985,11.9946,5931.15,9297.9,42.925,62.7375,1.67916,2.36392,9.27028
12t-active,12,active,pmed31.txt,700,5,10,23386,2118281,14.7078,0.188178,772.718,13.0632,560.808,52.5428,4.071,11.9917,364.785,144046,42.975,63.35,1.27944,1.69056,0
12t-active,12,active,pmed32.txt,700,10,10,67115,947083,9.7609,0.16041,537.298,13.1468,396.663,55.0599,4.08,11.9947,567.319,97051.7,42.9625,63.7125,1.64339,2.44683,0.0626183
12t-active,12,active,pmed33.txt,700,70,10,519852,123045,6.2069,0.112487,351.375,12.6899,261.946,56.6358,4.0941,12.0002,2855.67,19829.7,42.6625,62.725,1.8123,3.6115,8.09442
12t-active,12,active,pmed34.txt,700,140,10,1.04763e+06,72307,6.5581,0.103988,369.709,12.1065,275.22,56.3985,4.0878,12.0027,5113.04,11028.1,42.9875,63.1125,1.58564,3.2746,8.89024
12t-active,12,active,pmed35.txt,800,5,10,23810,1794217,13.3734,0.357352,715.392,16.5235,522.708,53.5043,4.0761,11.9952,398.721,134250,42.975,63.3875,2.67211,2.30971,0
12t-active,12,active,pmed36.txt,800,10,10,70897,828249,9.2996,0.160998,523.016,9.64821,389.027,56.2599,4.0724,12.0042,631.472,89086.9,43,64.1,1.73124,1.84473,0.129934
12t-active,12,active,pmed37.txt,800,80,10,676372,107894,6.7591,0.120402,394.889,12.7209,297.504,58.4542,4.0947,12.0092,3659.98,15967.3,42.975,63.7125,1.78133,3.22138,8.30322
12t-active,12,active,pmed38.txt,900,5,10,25560,1572905,12.5573,0.254144,679.105,15.8782,498.18,54.082,4.0758,12.0006,431.752,125305,42.9625,63.575,2.02387,2.33811,0.26675
12t-active,12,active,pmed39.txt,900,10,10,66233,702891,8.6048,0.127018,488.98,8.62021,365.002,56.8377,4.0781,12.0102,695.669,81702.1,42.9625,64.2125,1.47613,1.7629,0.157268
12t-active,12,active,pmed40.txt,900,90,10,775798,84207,6.4846,0.117916,387.163,7.09795,293.732,59.7281,4.0925,12.0172,4597.75,12989.5,42.975,63.85,1.81841,1.83333,9.78999
