instance,vertices,p,alpha,optimum,time_seconds,status
pmed1.txt,100,5,2,15008,0.253387,OPTIMAL
pmed2.txt,100,10,5,39421,0.254203,OPTIMAL
pmed3.txt,100,10,5,43345,0.242842,OPTIMAL
pmed4.txt,100,20,10,95441,0.262992,OPTIMAL
pmed5.txt,100,33,16,117202,0.203138,OPTIMAL
pmed6.txt,200,5,2,19103,1.817173,OPTIMAL
pmed7.txt,200,10,5,44978,1.394693,OPTIMAL
pmed8.txt,200,20,10,101003,1.779933,OPTIMAL
pmed9.txt,200,40,20,197568,1.460986,OPTIMAL
pmed10.txt,200,67,33,264598,1.560472,OPTIMAL
pmed11.txt,300,5,2,17714,2.392024,OPTIMAL
pmed12.txt,300,10,5,53082,9.572060,OPTIMAL
pmed13.txt,300,30,15,149323,7.882417,OPTIMAL
pmed14.txt,300,60,30,344707,5.384057,OPTIMAL
pmed15.txt,300,100,50,530864,5.682343,OPTIMAL
pmed16.txt,400,5,2,18964,9.738610,OPTIMAL
pmed17.txt,400,10,5,53403,19.175175,OPTIMAL
pmed18.txt,400,40,20,242412,11.180166,OPTIMAL
pmed19.txt,400,80,40,473064,12.936814,OPTIMAL
pmed20.txt,400,133,66,848638,16.408786,OPTIMAL
pmed21.txt,500,5,2,21619,13.691971,OPTIMAL
pmed22.txt,500,10,5,62650,16.452688,OPTIMAL
pmed23.txt,500,50,25,314529,8.964746,OPTIMAL
pmed24.txt,500,100,50,640842,7.709829,OPTIMAL
pmed25.txt,500,167,83,1047829,6.254544,OPTIMAL
pmed26.txt,600,5,2,22734,25.235771,OPTIMAL
pmed27.txt,600,10,5,57705,19.460364,OPTIMAL
pmed28.txt,600,60,30,364689,17.001241,OPTIMAL
pmed29.txt,600,120,60,783011,10.674099,OPTIMAL
pmed30.txt,600,200,100,1466158,7.990889,OPTIMAL
pmed31.txt,700,5,2,23386,37.618287,OPTIMAL
pmed32.txt,700,10,5,67073,51.715040,OPTIMAL
pmed33.txt,700,70,35,480924,21.160610,OPTIMAL
pmed34.txt,700,140,70,962100,16.021019,OPTIMAL
pmed35.txt,800,5,2,23810,59.027308,OPTIMAL
pmed36.txt,800,10,5,70805,57.807432,OPTIMAL
pmed37.txt,800,80,40,624517,41.194720,OPTIMAL
pmed38.txt,900,5,2,25492,83.275217,OPTIMAL
pmed39.txt,900,10,5,66129,69.323662,OPTIMAL
pmed40.txt,900,90,45,706620,47.081734,OPTIMAL
