setup,threads,wait_policy,vertices,speedup,efficiency,karp_flatt,energy_ratio,net_energy_ratio,edp_ratio
12t-active,12,active,100,0.655277,0.0546065,1.5739,2.16974,2.89321,3.31117
12t-active,12,active,200,5.42529,0.452108,0.110169,0.341446,0.555672,0.062936
12t-active,12,active,300,3.64513,0.303761,0.173049,0.471666,0.715454,0.129396
12t-active,12,active,500,2.81641,0.234701,0.296431,0.571184,0.795476,0.202806
12t-active,12,active,900,8.38024,0.698353,0.0392673,0.263826,0.455722,0.0314819
12t-passive,12,passive,200,0.268979,0.0224149,3.96484,5.15145,7.10616,19.1519
12t-passive,12,passive,300,0.185358,0.0154465,5.65727,7.21297,9.47422,38.9136
12t-passive,12,passive,500,0.0718299,0.00598582,15.0965,16.9684,20.1302,236.23
12t-passive,12,passive,900,2.08139,0.173449,0.433216,0.755346,1.12042,0.362904
2t-active,2,active,100,1.12337,0.561683,0.780362,1.00621,1.13662,0.895708
2t-active,2,active,200,1.87815,0.939076,0.0648768,0.639062,0.784435,0.340261
2t-active,2,active,300,1.78046,0.890232,0.0812651,0.689836,0.847083,0.387448
2t-active,2,active,500,1.78727,0.893637,0.119023,0.687252,0.819821,0.384526
2t-active,2,active,900,1.96116,0.980578,0.0198069,0.613918,0.752051,0.313039
2t-passive,2,passive,100,0.085858,0.042929,22.2943,11.7631,11.8934,137.006
2t-passive,2,passive,200,1.04716,0.523578,0.909933,1.12315,1.35245,1.07257
2t-passive,2,passive,300,0.643968,0.321984,1.38561,1.73279,1.95923,2.6908
2t-passive,2,passive,500,0.449113,0.224556,3.45322,2.33616,2.44984,5.20172
2t-passive,2,passive,900,1.793,0.896501,0.115448,0.674603,0.829821,0.376242
4t-active,4,active,100,0.997595,0.249399,1.00321,1.28178,1.59578,1.28487
4t-active,4,active,200,3.32582,0.831454,0.0675708,0.464064,0.686828,0.139534
4t-active,4,active,300,2.75684,0.689211,0.10148,0.536676,0.752696,0.19467
4t-active,4,active,500,2.64554,0.661386,0.170659,0.558903,0.74665,0.211262
4t-active,4,active,900,3.81066,0.952666,0.0165619,0.427148,0.645907,0.112093
4t-passive,4,passive,100,0.0483298,0.0120825,27.2549,25.9651,31.8929,537.247
4t-passive,4,passive,200,1.01719,0.254298,0.977464,1.39473,1.95597,1.37116
4t-passive,4,passive,300,0.538303,0.134576,1.80736,2.45967,3.20913,4.5693
4t-passive,4,passive,500,0.298187,0.0745467,4.13814,4.0978,4.87013,13.7424
4t-passive,4,passive,900,2.77728,0.694321,0.146752,0.551152,0.80492,0.19845
