instance,threads,vertices,p,time_ratio,energy_ratio,cpu_util_active,cpu_util_passive
pmed1.txt,2,100,5,13.084,11.6905,1.99984,0.75308
pmed1.txt,4,100,5,20.6414,20.2571,3.9997,1.0659
pmed11.txt,2,300,5,6.05802,5.055,2.00005,0.885478
pmed11.txt,4,300,5,12.8588,11.3738,4.00029,1.18598
pmed11.txt,12,300,5,46.6146,37.8212,11.9722,1.3142
pmed15.txt,2,300,100,1.26185,1.24818,2.00036,1.69905
pmed15.txt,4,300,100,2.03972,1.84681,4.00096,2.33136
pmed15.txt,12,300,100,8.2962,6.18334,11.9736,2.17566
pmed21.txt,2,500,5,3.97956,3.39927,2.00155,0.99764
pmed21.txt,4,500,5,8.8721,7.33187,4.00226,1.29489
pmed21.txt,12,500,5,39.2095,29.7074,11.9727,1.34921
pmed40.txt,2,900,90,1.09378,1.09885,2.00833,1.87471
pmed40.txt,4,900,90,1.37208,1.29031,4.01657,3.11846
pmed40.txt,12,900,90,4.02627,2.86305,12.0058,3.49073
pmed9.txt,2,200,40,1.79357,1.7575,1.99992,1.39092
pmed9.txt,4,200,40,3.2696,3.00548,4.00025,1.8978
pmed9.txt,12,200,40,20.17,15.0872,11.974,1.54926
