config,threads,wait_policy,instance,vertices,p,seed,max_generations,repetition,ofv,time_best,time_total,decodes,joules,ghz,cpu_seconds,temp_start,temp_end
espera,4,active,../Instances/aNpMP/pmed11.txt,300,5,1234,6020,1,17749.000000,0.113,27.217,5948757,1160.850,4.000,108.882,48.000,64.875
espera,4,passive,../Instances/aNpMP/pmed21.txt,500,5,1234,3280,1,21646.000000,2.272,217.760,3241637,8117.482,1.043,265.408,48.125,62.000
espera,0,default,../Instances/aNpMP/pmed40.txt,900,90,1234,76,1,775798.000000,54.329,55.029,84207,1515.879,4.160,55.251,48.125,55.500
espera,0,default,../Instances/aNpMP/pmed11.txt,300,5,1234,6020,1,17749.000000,0.247,59.025,5948757,1751.818,4.153,59.019,48.125,63.750
espera,4,passive,../Instances/aNpMP/pmed15.txt,300,100,1234,200,1,558328.000000,29.837,30.757,219499,1187.186,3.243,69.734,45.750,61.625
espera,2,active,../Instances/aNpMP/pmed15.txt,300,100,1234,200,1,558328.000000,26.719,27.111,219499,887.984,4.159,54.238,45.750,56.625
espera,2,active,../Instances/aNpMP/pmed1.txt,100,5,1234,18964,1,15008.000000,0.069,50.250,18737429,1704.449,3.698,100.521,45.750,62.000
espera,2,passive,../Instances/aNpMP/pmed21.txt,500,5,1234,3280,1,21646.000000,0.619,132.523,3241637,4269.721,1.918,131.479,45.625,58.375
espera,2,passive,../Instances/aNpMP/pmed1.txt,100,5,1234,18964,1,15008.000000,1.339,654.080,18737429,19647.475,0.612,493.705,45.750,56.500
espera,2,passive,../Instances/aNpMP/pmed15.txt,300,100,1234,200,1,558328.000000,33.999,34.560,219499,1118.765,3.793,58.419,45.750,57.000
espera,4,active,../Instances/aNpMP/pmed15.txt,300,100,1234,200,1,558328.000000,14.297,14.507,219499,606.000,4.151,58.046,45.625,61.125
espera,4,passive,../Instances/aNpMP/pmed9.txt,200,40,1234,791,1,198237.000000,34.741,51.129,804254,2040.303,2.400,102.245,45.750,61.750
espera,0,default,../Instances/aNpMP/pmed15.txt,300,100,1234,200,1,558328.000000,52.352,53.117,219499,1452.239,4.154,53.116,45.750,54.750
espera,0,default,../Instances/aNpMP/pmed21.txt,500,5,1234,3280,1,21646.000000,0.471,58.721,3241637,1805.804,4.171,58.774,45.625,63.250
espera,12,passive,../Instances/aNpMP/pmed1.txt,100,5,1234,18964,1,15008.000000,5.982,1800.044,7147201,1356.286,0.176,2309.416,45.750,57.875
espera,4,active,../Instances/aNpMP/pmed1.txt,100,5,1234,18964,1,15008.000000,0.078,59.888,18737429,2271.197,3.971,239.534,45.750,62.250
espera,12,passive,../Instances/aNpMP/pmed9.txt,200,40,1234,791,1,198237.000000,129.877,207.582,804254,7795.339,0.945,321.113,45.750,58.500
espera,4,passive,../Instances/aNpMP/pmed11.txt,300,5,1234,6020,1,17749.000000,1.582,355.995,5948757,13424.214,0.753,425.041,45.750,62.125
espera,2,passive,../Instances/aNpMP/pmed40.txt,900,90,1234,76,1,775798.000000,29.839,30.207,84207,1021.107,4.034,57.237,45.750,59.000
espera,12,passive,../Instances/aNpMP/pmed15.txt,300,100,1234,200,1,558328.000000,59.298,60.184,219499,2350.055,2.000,130.937,45.750,57.875
espera,12,active,../Instances/aNpMP/pmed1.txt,100,5,1234,18964,1,15008.000000,0.109,88.770,18737429,3733.771,4.071,1062.449,45.750,62.500
espera,2,active,../Instances/aNpMP/pmed21.txt,500,5,1234,3280,1,21646.000000,0.267,33.023,3241637,1252.760,4.016,66.095,45.750,65.250
espera,12,active,../Instances/aNpMP/pmed11.txt,300,5,1234,6020,1,17749.000000,0.116,31.622,5948757,1461.662,4.072,378.611,45.750,63.000
espera,4,active,../Instances/aNpMP/pmed21.txt,500,5,1234,3280,1,21646.000000,0.176,22.687,3241637,1031.633,4.036,90.799,45.750,65.625
espera,2,passive,../Instances/aNpMP/pmed9.txt,200,40,1234,791,1,198237.000000,33.710,54.179,804254,1734.531,3.187,74.608,45.750,58.000
espera,2,active,../Instances/aNpMP/pmed9.txt,200,40,1234,791,1,198237.000000,18.838,29.911,804254,973.424,4.124,59.815,45.750,57.250
espera,12,active,../Instances/aNpMP/pmed9.txt,200,40,1234,791,1,198237.000000,6.496,10.302,804254,520.951,4.105,123.347,45.750,62.875
espera,2,passive,../Instances/aNpMP/pmed11.txt,300,5,1234,6020,1,17749.000000,0.803,220.578,5948757,6872.238,1.366,194.414,45.625,58.375
espera,12,passive,../Instances/aNpMP/pmed21.txt,500,5,1234,3280,1,21646.000000,5.761,820.997,3241637,30970.001,0.394,1102.517,45.750,58.625
espera,4,passive,../Instances/aNpMP/pmed40.txt,900,90,1234,76,1,775798.000000,19.813,20.019,84207,842.306,3.758,61.857,45.750,62.875
espera,12,active,../Instances/aNpMP/pmed15.txt,300,100,1234,200,1,558328.000000,7.196,7.302,219499,371.029,4.101,87.425,45.625,64.375
espera,12,active,../Instances/aNpMP/pmed21.txt,500,5,1234,3280,1,21646.000000,0.155,21.405,3241637,1050.210,4.079,256.327,45.625,63.625
espera,12,passive,../Instances/aNpMP/pmed40.txt,900,90,1234,76,1,775798.000000,25.859,26.186,84207,1126.236,2.954,91.652,45.750,59.125
espera,4,active,../Instances/aNpMP/pmed9.txt,200,40,1234,791,1,198237.000000,10.545,16.795,804254,705.602,4.124,67.184,45.750,62.375
espera,4,active,../Instances/aNpMP/pmed40.txt,900,90,1234,76,1,775798.000000,14.185,14.365,84207,637.297,4.149,57.703,45.750,62.625
espera,4,passive,../Instances/aNpMP/pmed1.txt,100,5,1234,18964,1,15008.000000,2.739,1129.751,18737429,41499.065,0.389,1217.329,45.625,62.000
espera,12,active,../Instances/aNpMP/pmed40.txt,900,90,1234,76,1,775798.000000,6.376,6.456,84207,386.493,4.082,77.599,45.750,67.125
espera,2,active,../Instances/aNpMP/pmed40.txt,900,90,1234,76,1,775798.000000,27.812,28.167,84207,931.295,4.176,56.578,45.625,57.625
espera,2,active,../Instances/aNpMP/pmed11.txt,300,5,1234,6020,1,17749.000000,0.146,36.044,5948757,1346.999,3.938,72.093,45.750,64.250
espera,0,default,../Instances/aNpMP/pmed9.txt,200,40,1234,791,1,198237.000000,35.087,55.939,804254,1518.804,4.163,55.932,45.750,55.375
espera,12,passive,../Instances/aNpMP/pmed11.txt,300,5,1234,6020,1,17749.000000,5.474,1501.529,5948757,56330.900,0.283,1970.122,45.750,58.625
espera,0,default,../Instances/aNpMP/pmed1.txt,100,5,1234,18964,1,15008.000000,0.082,56.662,18737429,1658.284,4.170,56.648,45.750,65.625
espera,0,default,../Instances/aNpMP/pmed11.txt,300,5,1234,6020,2,17749.000000,0.246,58.813,5948757,1722.452,4.167,58.813,42.375,63.375
espera,2,active,../Instances/aNpMP/pmed15.txt,300,100,1234,200,2,558328.000000,26.719,27.114,219499,875.965,4.162,54.233,45.250,55.875
espera,0,default,../Instances/aNpMP/pmed21.txt,500,5,1234,3280,2,21646.000000,0.467,59.053,3241637,1813.039,4.169,59.096,45.250,63.625
espera,4,passive,../Instances/aNpMP/pmed40.txt,900,90,1234,76,2,775798.000000,18.215,18.420,84207,787.644,3.809,61.022,45.375,61.750
espera,4,active,../Instances/aNpMP/pmed40.txt,900,90,1234,76,2,775798.000000,14.255,14.436,84207,642.080,4.148,57.982,45.375,62.125
espera,2,passive,../Instances/aNpMP/pmed9.txt,200,40,1234,791,2,198237.000000,33.205,53.825,804254,1712.219,3.194,74.479,45.250,57.500
espera,12,passive,../Instances/aNpMP/pmed15.txt,300,100,1234,200,2,558328.000000,59.472,60.340,219499,2336.199,2.000,131.375,45.375,57.250
espera,2,active,../Instances/aNpMP/pmed11.txt,300,5,1234,6020,2,17749.000000,0.149,36.342,5948757,1358.851,3.933,72.680,45.375,64.500
espera,4,active,../Instances/aNpMP/pmed15.txt,300,100,1234,200,2,558328.000000,14.348,14.558,219499,605.261,4.147,58.243,45.375,61.625
espera,4,passive,../Instances/aNpMP/pmed11.txt,300,5,1234,6020,2,17749.000000,1.363,386.050,5948757,14215.849,0.726,439.498,45.375,62.875
espera,12,passive,../Instances/aNpMP/pmed40.txt,900,90,1234,76,2,775798.000000,25.843,26.174,84207,1136.896,2.952,91.774,45.375,59.375
espera,12,active,../Instances/aNpMP/pmed11.txt,300,5,1234,6020,2,17749.000000,0.124,32.707,5948757,1503.175,4.073,391.594,45.375,63.250
espera,4,passive,../Instances/aNpMP/pmed9.txt,200,40,1234,791,2,198237.000000,36.404,59.743,804254,2238.505,2.303,106.464,45.375,60.250
espera,12,passive,../Instances/aNpMP/pmed21.txt,500,5,1234,3280,2,21646.000000,5.793,821.336,3241637,30816.721,0.392,1104.709,45.375,58.375
espera,2,active,../Instances/aNpMP/pmed40.txt,900,90,1234,76,2,775798.000000,27.726,28.082,84207,930.215,4.152,56.389,45.375,58.250
espera,12,active,../Instances/aNpMP/pmed15.txt,300,100,1234,200,2,558328.000000,7.144,7.249,219499,368.733,4.106,86.810,45.375,64.000
espera,12,active,../Instances/aNpMP/pmed9.txt,200,40,1234,791,2,198237.000000,6.465,10.283,804254,514.729,4.105,123.138,45.250,62.875
espera,2,passive,../Instances/aNpMP/pmed40.txt,900,90,1234,76,2,775798.000000,30.491,30.859,84207,1022.707,4.013,57.555,45.250,57.000
espera,0,default,../Instances/aNpMP/pmed1.txt,100,5,1234,18964,2,15008.000000,0.082,56.294,18737429,1633.242,4.172,56.287,45.250,64.000
espera,4,passive,../Instances/aNpMP/pmed1.txt,100,5,1234,18964,2,15008.000000,2.272,1136.173,18737429,41695.398,0.385,1220.979,45.375,61.500
espera,0,default,../Instances/aNpMP/pmed15.txt,300,100,1234,200,2,558328.000000,51.937,52.709,219499,1426.160,4.166,52.713,45.375,55.375
espera,2,passive,../Instances/aNpMP/pmed11.txt,300,5,1234,6020,2,17749.000000,0.549,205.658,5948757,6523.488,1.423,187.073,45.375,58.750
espera,12,active,../Instances/aNpMP/pmed1.txt,100,5,1234,18964,2,15008.000000,0.112,88.122,18737429,3688.040,4.077,1054.823,45.375,62.250
espera,12,passive,../Instances/aNpMP/pmed9.txt,200,40,1234,791,2,198237.000000,130.199,208.089,804254,7920.913,0.938,323.495,45.375,58.375
espera,2,active,../Instances/aNpMP/pmed9.txt,200,40,1234,791,2,198237.000000,18.683,29.703,804254,976.191,4.145,59.408,45.375,58.125
espera,12,passive,../Instances/aNpMP/pmed1.txt,100,5,1234,18964,2,15008.000000,5.961,1800.249,7141273,65065.714,0.179,2314.619,45.375,58.500
espera,4,active,../Instances/aNpMP/pmed21.txt,500,5,1234,3280,2,21646.000000,0.177,22.556,3241637,1014.818,4.033,90.264,45.375,65.500
espera,2,active,../Instances/aNpMP/pmed21.txt,500,5,1234,3280,2,21646.000000,0.268,33.086,3241637,1249.970,4.020,66.222,45.375,64.375
espera,2,passive,../Instances/aNpMP/pmed1.txt,100,5,1234,18964,2,15008.000000,1.691,640.291,18737429,19114.325,0.619,486.619,45.375,56.500
espera,0,default,../Instances/aNpMP/pmed40.txt,900,90,1234,76,2,775798.000000,54.265,54.964,84207,1506.062,4.166,55.192,45.375,55.250
espera,2,active,../Instances/aNpMP/pmed1.txt,100,5,1234,18964,2,15008.000000,0.071,50.560,18737429,1679.643,3.708,101.097,45.250,61.375
espera,2,passive,../Instances/aNpMP/pmed15.txt,300,100,1234,200,2,558328.000000,34.152,34.634,219499,1111.716,3.789,58.394,45.375,57.125
espera,12,passive,../Instances/aNpMP/pmed11.txt,300,5,1234,6020,2,17749.000000,5.490,1504.209,5948757,56213.698,0.281,1992.680,45.250,58.250
espera,12,active,../Instances/aNpMP/pmed40.txt,900,90,1234,76,2,775798.000000,6.506,6.588,84207,401.184,4.083,79.109,45.375,66.750
espera,4,active,../Instances/aNpMP/pmed11.txt,300,5,1234,6020,2,17749.000000,0.116,28.990,5948757,1218.478,4.015,115.966,45.375,64.125
espera,12,active,../Instances/aNpMP/pmed21.txt,500,5,1234,3280,2,21646.000000,0.149,20.407,3241637,1014.820,4.074,244.426,45.375,63.750
espera,4,passive,../Instances/aNpMP/pmed21.txt,500,5,1234,3280,2,21646.000000,1.097,182.935,3241637,6972.585,1.116,248.673,45.250,63.000
espera,2,passive,../Instances/aNpMP/pmed21.txt,500,5,1234,3280,2,21646.000000,3.742,133.289,3241637,4313.426,1.917,132.046,45.375,58.375
espera,4,passive,../Instances/aNpMP/pmed15.txt,300,100,1234,200,2,558328.000000,26.579,27.017,219499,1031.714,3.325,67.555,45.375,62.000
espera,0,default,../Instances/aNpMP/pmed9.txt,200,40,1234,791,2,198237.000000,35.139,55.984,804254,1521.546,4.170,55.979,45.375,55.000
espera,4,active,../Instances/aNpMP/pmed9.txt,200,40,1234,791,2,198237.000000,10.626,16.931,804254,707.318,4.133,67.728,45.375,61.125
espera,4,active,../Instances/aNpMP/pmed1.txt,100,5,1234,18964,2,15008.000000,0.071,53.072,18737429,2014.005,3.949,212.272,45.250,61.125
espera,12,active,../Instances/aNpMP/pmed9.txt,200,40,1234,791,3,198237.000000,6.517,10.321,804254,515.190,4.110,123.579,42.125,61.625
espera,2,active,../Instances/aNpMP/pmed1.txt,100,5,1234,18964,3,15008.000000,0.070,50.192,18737429,1674.691,3.709,100.371,45.000,61.000
espera,0,default,../Instances/aNpMP/pmed11.txt,300,5,1234,6020,3,17749.000000,0.246,58.711,5948757,1763.727,4.174,58.722,45.000,63.750
espera,4,active,../Instances/aNpMP/pmed40.txt,900,90,1234,76,3,775798.000000,14.307,14.491,84207,649.726,4.148,58.198,45.125,61.750
espera,2,active,../Instances/aNpMP/pmed9.txt,200,40,1234,791,3,198237.000000,18.733,29.803,804254,961.289,4.135,59.600,45.125,56.125
espera,4,active,../Instances/aNpMP/pmed21.txt,500,5,1234,3280,3,21646.000000,0.170,21.631,3241637,995.447,4.045,86.578,45.125,64.625
espera,0,default,../Instances/aNpMP/pmed40.txt,900,90,1234,76,3,775798.000000,54.275,54.966,84207,1502.369,4.166,55.196,45.125,54.375
espera,4,active,../Instances/aNpMP/pmed9.txt,200,40,1234,791,3,198237.000000,10.527,16.763,804254,701.633,4.140,67.059,45.125,60.750
espera,12,passive,../Instances/aNpMP/pmed1.txt,100,5,1234,18964,3,15008.000000,5.961,1800.073,7146213,1194.469,0.175,2311.970,45.000,57.750
espera,12,active,../Instances/aNpMP/pmed15.txt,300,100,1234,200,3,558328.000000,7.173,7.279,219499,382.958,4.099,87.142,45.125,64.750
espera,12,passive,../Instances/aNpMP/pmed9.txt,200,40,1234,791,3,198237.000000,130.207,208.068,804254,7850.991,0.948,322.028,45.125,58.125
espera,4,active,../Instances/aNpMP/pmed11.txt,300,5,1234,6020,3,17749.000000,0.111,27.468,5948757,1172.403,3.996,109.878,45.125,65.375
espera,4,active,../Instances/aNpMP/pmed15.txt,300,100,1234,200,3,558328.000000,14.368,14.578,219499,609.802,4.149,58.329,45.125,61.500
espera,4,active,../Instances/aNpMP/pmed1.txt,100,5,1234,18964,3,15008.000000,0.071,53.534,18737429,2026.654,3.951,214.129,45.125,61.125
espera,0,default,../Instances/aNpMP/pmed21.txt,500,5,1234,3280,3,21646.000000,0.472,59.219,3241637,1825.252,4.161,59.259,45.125,63.750
espera,4,passive,../Instances/aNpMP/pmed21.txt,500,5,1234,3280,3,21646.000000,0.686,193.570,3241637,7189.781,1.097,253.503,45.125,61.375
espera,2,active,../Instances/aNpMP/pmed11.txt,300,5,1234,6020,3,17749.000000,0.145,35.935,5948757,1348.583,3.946,71.882,45.125,64.250
espera,4,passive,../Instances/aNpMP/pmed9.txt,200,40,1234,791,3,198237.000000,32.893,53.102,804254,2061.509,2.377,103.144,45.125,60.625
espera,12,passive,../Instances/aNpMP/pmed21.txt,500,5,1234,3280,3,21646.000000,5.763,819.461,3241637,30743.920,0.389,1104.789,45.125,58.125
espera,2,active,../Instances/aNpMP/pmed15.txt,300,100,1234,200,3,558328.000000,26.951,27.348,219499,897.125,4.148,54.698,45.125,57.125
espera,4,passive,../Instances/aNpMP/pmed15.txt,300,100,1234,200,3,558328.000000,31.965,32.246,219499,1171.989,3.213,70.332,45.000,61.875
espera,12,active,../Instances/aNpMP/pmed1.txt,100,5,1234,18964,3,15008.000000,0.111,87.203,18737429,3666.350,4.080,1043.995,45.125,62.125
espera,12,active,../Instances/aNpMP/pmed11.txt,300,5,1234,6020,3,17749.000000,0.127,32.720,5948757,1503.330,4.073,391.742,45.125,63.250
espera,4,passive,../Instances/aNpMP/pmed1.txt,100,5,1234,18964,3,15008.000000,4.223,1075.717,18737429,40130.966,0.394,1198.187,45.125,63.250
espera,0,default,../Instances/aNpMP/pmed1.txt,100,5,1234,18964,3,15008.000000,0.085,56.776,18737429,1735.524,4.146,56.759,45.250,65.000
espera,12,passive,../Instances/aNpMP/pmed40.txt,900,90,1234,76,3,775798.000000,26.798,27.129,84207,1175.337,2.893,93.620,45.125,58.500
espera,4,passive,../Instances/aNpMP/pmed11.txt,300,5,1234,6020,3,17749.000000,1.311,330.716,5948757,12649.387,0.770,415.120,45.250,62.750
espera,2,passive,../Instances/aNpMP/pmed9.txt,200,40,1234,791,3,198237.000000,33.099,52.321,804254,1681.600,3.225,73.827,45.125,58.000
espera,0,default,../Instances/aNpMP/pmed9.txt,200,40,1234,791,3,198237.000000,35.123,56.015,804254,1522.951,4.162,56.009,45.125,55.375
espera,2,active,../Instances/aNpMP/pmed21.txt,500,5,1234,3280,3,21646.000000,0.268,32.938,3241637,1248.234,4.025,65.933,45.000,63.875
espera,2,passive,../Instances/aNpMP/pmed21.txt,500,5,1234,3280,3,21646.000000,0.970,130.771,3241637,4200.047,1.932,130.888,45.125,58.125
espera,2,passive,../Instances/aNpMP/pmed40.txt,900,90,1234,76,3,775798.000000,30.446,30.815,84207,1022.949,4.012,57.504,45.125,57.250
espera,12,passive,../Instances/aNpMP/pmed11.txt,300,5,1234,6020,3,17749.000000,5.455,1500.633,5948757,55871.379,0.277,1960.359,45.125,57.875
espera,2,active,../Instances/aNpMP/pmed40.txt,900,90,1234,76,3,775798.000000,27.596,27.945,84207,925.592,4.160,56.120,45.125,57.875
espera,2,passive,../Instances/aNpMP/pmed15.txt,300,100,1234,200,3,558328.000000,34.429,34.871,219499,1120.566,3.784,58.536,45.125,56.875
espera,4,passive,../Instances/aNpMP/pmed40.txt,900,90,1234,76,3,775798.000000,20.237,20.442,84207,849.159,3.747,61.847,45.000,61.250
espera,12,active,../Instances/aNpMP/pmed40.txt,900,90,1234,76,3,775798.000000,6.487,6.569,84207,400.541,4.098,78.870,45.125,65.250
espera,2,passive,../Instances/aNpMP/pmed11.txt,300,5,1234,6020,3,17749.000000,1.405,232.749,5948757,7088.242,1.330,200.322,45.125,55.375
espera,12,passive,../Instances/aNpMP/pmed15.txt,300,100,1234,200,3,558328.000000,59.344,60.211,219499,2318.007,2.002,130.913,45.000,56.750
espera,12,active,../Instances/aNpMP/pmed21.txt,500,5,1234,3280,3,21646.000000,0.150,20.745,3241637,1032.642,4.075,248.132,45.125,63.625
espera,0,default,../Instances/aNpMP/pmed15.txt,300,100,1234,200,3,558328.000000,52.063,52.827,219499,1424.365,4.175,52.837,45.125,54.125
espera,2,passive,../Instances/aNpMP/pmed1.txt,100,5,1234,18964,3,15008.000000,1.009,666.569,18737429,19824.496,0.607,499.779,45.125,54.375
espera,12,active,../Instances/aNpMP/pmed9.txt,200,40,1234,791,4,198237.000000,6.489,10.327,804254,524.147,4.112,123.659,41.625,61.250
espera,2,active,../Instances/aNpMP/pmed1.txt,100,5,1234,18964,4,15008.000000,0.069,50.211,18737429,1676.804,3.710,100.404,44.500,60.625
espera,2,passive,../Instances/aNpMP/pmed21.txt,500,5,1234,3280,4,21646.000000,1.097,128.982,3241637,4185.648,1.944,129.868,44.625,58.625
espera,12,active,../Instances/aNpMP/pmed15.txt,300,100,1234,200,4,558328.000000,7.144,7.248,219499,385.374,4.111,86.792,44.625,63.375
espera,4,passive,../Instances/aNpMP/pmed40.txt,900,90,1234,76,4,775798.000000,20.064,20.269,84207,849.363,3.754,61.732,44.625,61.125
espera,12,active,../Instances/aNpMP/pmed1.txt,100,5,1234,18964,4,15008.000000,0.104,80.852,18737429,3436.118,4.083,968.096,44.500,61.375
espera,12,active,../Instances/aNpMP/pmed11.txt,300,5,1234,6020,4,17749.000000,0.119,31.859,5948757,1467.826,4.075,381.364,44.625,62.500
espera,2,active,../Instances/aNpMP/pmed9.txt,200,40,1234,791,4,198237.000000,18.681,29.690,804254,972.769,4.144,59.381,44.625,56.750
espera,12,passive,../Instances/aNpMP/pmed40.txt,900,90,1234,76,4,775798.000000,25.789,26.124,84207,1123.156,2.959,91.582,44.625,57.875
espera,4,active,../Instances/aNpMP/pmed9.txt,200,40,1234,791,4,198237.000000,10.532,16.773,804254,705.633,4.134,67.094,44.625,61.000
espera,2,passive,../Instances/aNpMP/pmed1.txt,100,5,1234,18964,4,15008.000000,0.701,671.732,18737429,20156.041,0.603,502.278,44.500,55.625
espera,0,default,../Instances/aNpMP/pmed9.txt,200,40,1234,791,4,198237.000000,35.002,55.763,804254,1513.843,4.166,55.754,44.625,54.250
espera,0,default,../Instances/aNpMP/pmed15.txt,300,100,1234,200,4,558328.000000,51.887,52.648,219499,1427.673,4.172,52.655,44.625,53.375
espera,12,passive,../Instances/aNpMP/pmed1.txt,100,5,1234,18964,4,15008.000000,5.986,1800.126,7146213,1264.391,0.173,2310.300,44.625,57.125
espera,4,active,../Instances/aNpMP/pmed21.txt,500,5,1234,3280,4,21646.000000,0.174,22.347,3241637,1017.732,4.048,89.444,44.625,65.250
espera,0,default,../Instances/aNpMP/pmed40.txt,900,90,1234,76,4,775798.000000,54.172,54.863,84207,1514.808,4.175,55.098,44.625,54.500
espera,12,passive,../Instances/aNpMP/pmed9.txt,200,40,1234,791,4,198237.000000,130.037,207.929,804254,7738.879,0.947,321.835,44.625,57.375
espera,0,default,../Instances/aNpMP/pmed11.txt,300,5,1234,6020,4,17749.000000,0.244,59.156,5948757,1784.067,4.160,59.163,44.625,64.000
espera,2,passive,../Instances/aNpMP/pmed9.txt,200,40,1234,791,4,198237.000000,34.338,53.302,804254,1697.197,3.204,74.188,44.625,56.875
espera,2,passive,../Instances/aNpMP/pmed40.txt,900,90,1234,76,4,775798.000000,30.351,30.719,84207,1007.245,4.019,57.531,44.625,56.000
espera,2,active,../Instances/aNpMP/pmed21.txt,500,5,1234,3280,4,21646.000000,0.267,33.019,3241637,1240.939,4.017,66.087,44.625,63.125
espera,12,passive,../Instances/aNpMP/pmed15.txt,300,100,1234,200,4,558328.000000,59.609,60.502,219499,2320.798,1.998,131.625,44.625,56.250
espera,2,active,../Instances/aNpMP/pmed15.txt,300,100,1234,200,4,558328.000000,26.768,27.165,219499,887.864,4.165,54.346,44.625,56.000
espera,12,passive,../Instances/aNpMP/pmed11.txt,300,5,1234,6020,4,17749.000000,5.547,1502.625,5948757,56090.619,0.287,1973.924,44.625,57.500
espera,0,default,../Instances/aNpMP/pmed1.txt,100,5,1234,18964,4,15008.000000,0.082,56.304,18737429,1666.974,4.167,56.291,44.625,64.375
espera,4,passive,../Instances/aNpMP/pmed15.txt,300,100,1234,200,4,558328.000000,28.138,28.694,219499,1095.276,3.287,68.195,44.625,60.125
espera,4,active,../Instances/aNpMP/pmed11.txt,300,5,1234,6020,4,17749.000000,0.115,28.919,5948757,1219.424,4.025,115.682,44.625,63.250
espera,4,passive,../Instances/aNpMP/pmed9.txt,200,40,1234,791,4,198237.000000,36.239,55.946,804254,2135.688,2.349,104.453,44.625,60.750
espera,2,active,../Instances/aNpMP/pmed40.txt,900,90,1234,76,4,775798.000000,27.544,27.894,84207,920.420,4.169,56.023,44.625,56.625
espera,0,default,../Instances/aNpMP/pmed21.txt,500,5,1234,3280,4,21646.000000,0.466,59.045,3241637,1819.473,4.157,59.080,44.625,63.125
espera,2,passive,../Instances/aNpMP/pmed11.txt,300,5,1234,6020,4,17749.000000,0.678,216.308,5948757,6791.191,1.388,192.561,44.625,56.750
espera,4,active,../Instances/aNpMP/pmed15.txt,300,100,1234,200,4,558328.000000,14.348,14.558,219499,608.081,4.156,58.242,44.625,60.625
espera,4,passive,../Instances/aNpMP/pmed21.txt,500,5,1234,3280,4,21646.000000,1.570,197.313,3241637,7484.815,1.089,254.886,44.500,62.250
espera,4,passive,../Instances/aNpMP/pmed11.txt,300,5,1234,6020,4,17749.000000,5.300,375.060,5948757,13976.801,0.738,433.688,44.625,60.875
espera,12,active,../Instances/aNpMP/pmed21.txt,500,5,1234,3280,4,21646.000000,0.154,21.251,3241637,1051.164,4.078,254.521,44.625,63.625
espera,4,active,../Instances/aNpMP/pmed1.txt,100,5,1234,18964,4,15008.000000,0.078,60.087,18737429,2268.391,3.977,240.321,44.625,60.750
espera,4,active,../Instances/aNpMP/pmed40.txt,900,90,1234,76,4,775798.000000,14.213,14.394,84207,650.492,4.153,57.817,44.625,62.375
espera,2,active,../Instances/aNpMP/pmed11.txt,300,5,1234,6020,4,17749.000000,0.148,36.164,5948757,1341.248,3.943,72.322,44.625,63.250
espera,12,passive,../Instances/aNpMP/pmed21.txt,500,5,1234,3280,4,21646.000000,5.759,824.275,3241637,30720.483,0.391,1121.614,44.625,55.125
espera,2,passive,../Instances/aNpMP/pmed15.txt,300,100,1234,200,4,558328.000000,32.655,33.146,219499,1078.673,3.834,57.713,44.625,56.125
espera,4,passive,../Instances/aNpMP/pmed1.txt,100,5,1234,18964,4,15008.000000,0.777,1335.307,18737429,50485.344,0.365,1332.094,44.625,58.750
espera,12,active,../Instances/aNpMP/pmed40.txt,900,90,1234,76,4,775798.000000,6.536,6.618,84207,405.059,4.100,79.343,44.625,65.125
