when,label,watts,temp_start,temp_end
2026-09-27T21:01:53-03:00,start,15.441,42.375,39.250
2026-09-28T02:04:48-03:00,rep_1,14.380,42.250,39.500
2026-09-28T07:03:33-03:00,rep_2,14.163,42.375,39.125
2026-09-28T12:16:36-03:00,rep_3,14.301,42.125,39.750
2026-09-28T17:38:58-03:00,rep_4,14.108,42.750,39.875
2026-09-28T22:35:41-03:00,rep_5,14.766,42.875,39.750
2026-09-29T03:46:32-03:00,rep_6,14.445,42.750,39.875
2026-09-29T08:45:26-03:00,rep_7,14.012,42.875,39.875
2026-09-29T14:12:44-03:00,rep_8,14.216,42.875,41.125
2026-09-29T19:50:20-03:00,rep_9,14.460,44.250,41.625
2026-09-30T00:31:40-03:00,rep_10,14.196,44.625,39.250
